{
    "record1": {
        "actor_loss": -0.016264021396636963,
        "critic_loss": 71207.421875,
        "reward_mean": -264.05615234375
    },
    "record2": {
        "actor_loss": -0.028973355889320374,
        "critic_loss": 62730.6953125,
        "reward_mean": -248.64064025878906
    },
    "record3": {
        "actor_loss": 0.010327279567718506,
        "critic_loss": 54235.93359375,
        "reward_mean": -231.39364624023438
    },
    "record4": {
        "actor_loss": -0.09738115966320038,
        "critic_loss": 54110.859375,
        "reward_mean": -231.03903198242188
    },
    "record5": {
        "actor_loss": -0.06283174455165863,
        "critic_loss": 52068.1796875,
        "reward_mean": -227.38877868652344
    },
    "record6": {
        "actor_loss": -0.22437821328639984,
        "critic_loss": 49943.19140625,
        "reward_mean": -222.2400665283203
    },
    "record7": {
        "actor_loss": -0.09772112965583801,
        "critic_loss": 50663.671875,
        "reward_mean": -225.31077575683594
    },
    "record8": {
        "actor_loss": -0.34415918588638306,
        "critic_loss": 53203.4765625,
        "reward_mean": -231.5236358642578
    },
    "record9": {
        "actor_loss": -0.20777153968811035,
        "critic_loss": 51527.0703125,
        "reward_mean": -227.70156860351562
    },
    "record10": {
        "actor_loss": -0.1730339080095291,
        "critic_loss": 54165.37890625,
        "reward_mean": -235.77957153320312
    },
    "record11": {
        "actor_loss": -0.2808901071548462,
        "critic_loss": 49652.5859375,
        "reward_mean": -226.375
    },
    "record12": {
        "actor_loss": -0.2688654661178589,
        "critic_loss": 50208.8671875,
        "reward_mean": -228.6817626953125
    },
    "record13": {
        "actor_loss": -0.19047173857688904,
        "critic_loss": 51196.69921875,
        "reward_mean": -231.48109436035156
    },
    "record14": {
        "actor_loss": -0.32528334856033325,
        "critic_loss": 51401.21875,
        "reward_mean": -233.87637329101562
    },
    "record15": {
        "actor_loss": -0.4756774306297302,
        "critic_loss": 43881.33203125,
        "reward_mean": -218.0806884765625
    },
    "record16": {
        "actor_loss": -0.42165300250053406,
        "critic_loss": 43968.63671875,
        "reward_mean": -220.2939453125
    },
    "record17": {
        "actor_loss": -0.49459215998649597,
        "critic_loss": 42346.5078125,
        "reward_mean": -218.82534790039062
    },
    "record18": {
        "actor_loss": -0.43806150555610657,
        "critic_loss": 42218.6171875,
        "reward_mean": -221.62408447265625
    },
    "record19": {
        "actor_loss": -0.2908775210380554,
        "critic_loss": 42382.6171875,
        "reward_mean": -223.16427612304688
    },
    "record20": {
        "actor_loss": -0.25909239053726196,
        "critic_loss": 36169.1015625,
        "reward_mean": -211.85659790039062
    },
    "record21": {
        "actor_loss": -0.5170904397964478,
        "critic_loss": 39977.28125,
        "reward_mean": -225.2991943359375
    },
    "record22": {
        "actor_loss": -0.6177167892456055,
        "critic_loss": 33187.75,
        "reward_mean": -210.85015869140625
    },
    "record23": {
        "actor_loss": -0.5515865683555603,
        "critic_loss": 34283.8046875,
        "reward_mean": -217.36619567871094
    },
    "record24": {
        "actor_loss": -0.4608066976070404,
        "critic_loss": 34262.9296875,
        "reward_mean": -222.5638427734375
    },
    "record25": {
        "actor_loss": -0.49310752749443054,
        "critic_loss": 31708.318359375,
        "reward_mean": -219.8173828125
    },
    "record26": {
        "actor_loss": -0.028255611658096313,
        "critic_loss": 27049.859375,
        "reward_mean": -211.5584716796875
    },
    "record27": {
        "actor_loss": -0.21418267488479614,
        "critic_loss": 26356.71875,
        "reward_mean": -214.0738983154297
    },
    "record28": {
        "actor_loss": -0.4620981812477112,
        "critic_loss": 26549.66015625,
        "reward_mean": -220.94818115234375
    },
    "record29": {
        "actor_loss": -0.31221717596054077,
        "critic_loss": 24173.16015625,
        "reward_mean": -219.44219970703125
    },
    "record30": {
        "actor_loss": -0.5154843330383301,
        "critic_loss": 22765.42578125,
        "reward_mean": -220.64627075195312
    },
    "record31": {
        "actor_loss": -0.3719051480293274,
        "critic_loss": 19561.10546875,
        "reward_mean": -217.394775390625
    },
    "record32": {
        "actor_loss": -0.49635881185531616,
        "critic_loss": 15947.99609375,
        "reward_mean": -209.7157745361328
    },
    "record33": {
        "actor_loss": -0.6170320510864258,
        "critic_loss": 15530.115234375,
        "reward_mean": -216.07081604003906
    },
    "record34": {
        "actor_loss": -0.41813862323760986,
        "critic_loss": 15381.650390625,
        "reward_mean": -222.8155517578125
    },
    "record35": {
        "actor_loss": -0.56618332862854,
        "critic_loss": 12251.14453125,
        "reward_mean": -218.221923828125
    },
    "record36": {
        "actor_loss": -0.585779070854187,
        "critic_loss": 12461.5361328125,
        "reward_mean": -227.73562622070312
    },
    "record37": {
        "actor_loss": -0.8321356773376465,
        "critic_loss": 8399.2197265625,
        "reward_mean": -214.2393798828125
    },
    "record38": {
        "actor_loss": -0.7312536239624023,
        "critic_loss": 6675.970703125,
        "reward_mean": -213.15316772460938
    },
    "record39": {
        "actor_loss": -0.7713316679000854,
        "critic_loss": 5045.83251953125,
        "reward_mean": -216.77670288085938
    },
    "record40": {
        "actor_loss": -0.5165711641311646,
        "critic_loss": 4601.5302734375,
        "reward_mean": -221.28521728515625
    },
    "record41": {
        "actor_loss": -0.31215643882751465,
        "critic_loss": 2785.2744140625,
        "reward_mean": -213.86801147460938
    },
    "record42": {
        "actor_loss": -0.298838347196579,
        "critic_loss": 2255.78125,
        "reward_mean": -217.70083618164062
    },
    "record43": {
        "actor_loss": -0.6077134013175964,
        "critic_loss": 1239.3699951171875,
        "reward_mean": -211.0066375732422
    },
    "record44": {
        "actor_loss": -0.22099226713180542,
        "critic_loss": 1087.955078125,
        "reward_mean": -212.1278076171875
    },
    "record45": {
        "actor_loss": -0.35372626781463623,
        "critic_loss": 1095.85595703125,
        "reward_mean": -205.5340576171875
    },
    "record46": {
        "actor_loss": 0.1711827516555786,
        "critic_loss": 1644.372314453125,
        "reward_mean": -205.38897705078125
    },
    "record47": {
        "actor_loss": -0.20942962169647217,
        "critic_loss": 2487.177978515625,
        "reward_mean": -202.105712890625
    },
    "record48": {
        "actor_loss": -0.06114968657493591,
        "critic_loss": 1851.48828125,
        "reward_mean": -207.68740844726562
    },
    "record49": {
        "actor_loss": -0.0661613941192627,
        "critic_loss": 2510.582763671875,
        "reward_mean": -200.53097534179688
    },
    "record50": {
        "actor_loss": -0.3449578285217285,
        "critic_loss": 3131.970947265625,
        "reward_mean": -205.38626098632812
    },
    "record51": {
        "actor_loss": -0.3419136703014374,
        "critic_loss": 3397.8662109375,
        "reward_mean": -207.45135498046875
    },
    "record52": {
        "actor_loss": -0.21562916040420532,
        "critic_loss": 2308.0654296875,