{
    "record1": {
        "actor_loss": -0.1389298315314227,
        "critic_loss": 0.0,
        "reward_mean": 151.1439467072487
    },
    "record2": {
        "actor_loss": -0.1310082604616764,
        "critic_loss": 0.0,
        "reward_mean": 151.0069750022888
    },
    "record3": {
        "actor_loss": -0.12625877557962667,
        "critic_loss": 0.0,
        "reward_mean": 151.22333129763604
    },
    "record4": {
        "actor_loss": -0.12632217318663608,
        "critic_loss": 0.0,
        "reward_mean": 151.3628781747818
    },
    "record5": {
        "actor_loss": -0.12429566380858886,
        "critic_loss": 0.0,
        "reward_mean": 151.3293831884861
    },
    "record6": {
        "actor_loss": -0.11970208319151425,
        "critic_loss": 0.0,
        "reward_mean": 151.21782212018968
    },
    "record7": {
        "actor_loss": -0.11568339226068929,
        "critic_loss": 0.0,
        "reward_mean": 151.18433527708055
    },
    "record8": {
        "actor_loss": -0.11358857660845388,
        "critic_loss": 0.0,
        "reward_mean": 151.5041013109684
    },
    "record9": {
        "actor_loss": -0.10782728106307332,
        "critic_loss": 0.0,
        "reward_mean": 151.42998865365982
    },
    "record10": {
        "actor_loss": -0.10850001230108319,
        "critic_loss": 0.0,
        "reward_mean": 150.9629652965069
    },
    "record11": {
        "actor_loss": -0.1062987679996877,
        "critic_loss": 0.0,
        "reward_mean": 151.19600603342056
    },
    "record12": {
        "actor_loss": -0.1027782044923515,
        "critic_loss": 0.0,
        "reward_mean": 151.71868972182273
    },
    "record13": {
        "actor_loss": -0.10107655004700064,
        "critic_loss": 0.0,
        "reward_mean": 151.34187777161597
    },
    "record14": {
        "actor_loss": -0.09849669028757489,
        "critic_loss": 0.0,
        "reward_mean": 151.3037323474884
    },
    "record15": {
        "actor_loss": -0.09489057112572481,
        "critic_loss": 0.0,
        "reward_mean": 151.4134348988533
    },
    "record16": {
        "actor_loss": -0.09582002120208927,
        "critic_loss": 0.0,
        "reward_mean": 151.1784266769886
    },
    "record17": {
        "actor_loss": -0.09499561141783489,
        "critic_loss": 0.0,
        "reward_mean": 151.51625245690346
    },
    "record18": {
        "actor_loss": -0.09295637205970707,
        "critic_loss": 0.0,
        "reward_mean": 151.82058779358863
    },
    "record19": {
        "actor_loss": -0.08709798205542028,
        "critic_loss": 0.0,
        "reward_mean": 151.53233177542685
    },
    "record20": {
        "actor_loss": -0.08847849313642656,
        "critic_loss": 0.0,
        "reward_mean": 151.51222488045693
    },
    "record21": {
        "actor_loss": -0.08940067548537627,
        "critic_loss": 0.0,
        "reward_mean": 151.4145494389534
    },
    "record22": {
        "actor_loss": -0.08535629242585856,
        "critic_loss": 0.0,
        "reward_mean": 150.8835922896862
    },
    "record23": {
        "actor_loss": -0.08440938081825151,
        "critic_loss": 0.0,
        "reward_mean": 151.3566414785385
    },
    "record24": {
        "actor_loss": -0.08450233626615955,
        "critic_loss": 0.0,
        "reward_mean": 151.46792273521424
    },
    "record25": {
        "actor_loss": -0.08331529256567592,
        "critic_loss": 0.0,
        "reward_mean": 151.4669889295101
    },
    "record26": {
        "actor_loss": -0.08102922221260087,
        "critic_loss": 0.0,
        "reward_mean": 151.73603160381316
    },
    "record27": {
        "actor_loss": -0.08277951365453191,
        "critic_loss": 0.0,
        "reward_mean": 151.36066236257554
    },
    "record28": {
        "actor_loss": -0.08123766109056305,
        "critic_loss": 0.0,
        "reward_mean": 151.84353687644006
    },
    "record29": {
        "actor_loss": -0.08188119221507804,
        "critic_loss": 0.0,
        "reward_mean": 151.6456400036812
    },
    "record30": {
        "actor_loss": -0.08253189832597854,
        "critic_loss": 0.0,
        "reward_mean": 151.18760889053345
    },
    "record31": {
        "actor_loss": -0.08188500936477794,
        "critic_loss": 0.0,
        "reward_mean": 151.52357012033463
    },
    "record32": {
        "actor_loss": -0.07884318803957285,
        "critic_loss": 0.0,
        "reward_mean": 151.47946564674376
    },
    "record33": {
        "actor_loss": -0.07643866551487008,
        "critic_loss": 0.0,
        "reward_mean": 151.28112863302232
    },
    "record34": {
        "actor_loss": -0.07529258454451337,
        "critic_loss": 0.0,
        "reward_mean": 151.2911427617073
    },
    "record35": {
        "actor_loss": -0.07342495290344232,
        "critic_loss": 0.0,
        "reward_mean": 151.21204496026039
    },
    "record36": {
        "actor_loss": -0.07297951043045031,
        "critic_loss": 0.0,
        "reward_mean": 151.39009142279625
    },
    "record37": {
        "actor_loss": -0.07315441111633846,
        "critic_loss": 0.0,
        "reward_mean": 151.58512132167817
    },
    "record38": {
        "actor_loss": -0.07269135520793497,
        "critic_loss": 0.0,
        "reward_mean": 151.50827130317688
    },
    "record39": {
        "actor_loss": -0.073569776067161,
        "critic_loss": 0.0,
        "reward_mean": 151.64386920928956
    },
    "record40": {
        "actor_loss": -0.06920491596276407,
        "critic_loss": 0.0,
        "reward_mean": 150.81741270899772
    },
    "record41": {
        "actor_loss": -0.06914510522808996,
        "critic_loss": 0.0,
        "reward_mean": 151.37911413908006
    },
    "record42": {
        "actor_loss": -0.06943567889284168,
        "critic_loss": 0.0,
        "reward_mean": 151.60594584584237
    },
    "record43": {
        "actor_loss": -0.07023019291475066,
        "critic_loss": 0.0,
        "reward_mean": 151.13131595134735
    },
    "record44": {
        "actor_loss": -0.06872907631011912,
        "critic_loss": 0.0,
        "reward_mean": 151.23405688762665
    },
    "record45": {
        "actor_loss": -0.06741600232933706,
        "critic_loss": 0.0,
        "reward_mean": 151.44047672510146
    },
    "record46": {
        "actor_loss": -0.06431368458914222,
        "critic_loss": 0.0,
        "reward_mean": 151.10212740421295
    },
    "record47": {
        "actor_loss": -0.06650827576278971,
        "critic_loss": 0.0,
        "reward_mean": 151.08841361522676
    },
    "record48": {
        "actor_loss": -0.062429793908377176,
        "critic_loss": 0.0,
        "reward_mean": 151.5573930978775
    },
    "record49": {
        "actor_loss": -0.06244689023564206,
        "critic_loss": 0.0,
        "reward_mean": 151.4133250951767
    },
    "record50": {
        "actor_loss": -0.06420742341062578,
        "critic_loss": 0.0,
        "reward_mean": 151.6734477543831
    },
    "record51": {
        "actor_loss": -0.061510803617420604,
        "critic_loss": 0.0,
        "reward_mean": 151.32502037882804
    },
    "record52": {
        "actor_loss": -0.0604241636619372,
        "critic_loss": 0.0,
        "reward_mean": 151.25383886218071
    },
    "record53": {
        "actor_loss": -0.05950096607004525,
        "critic_loss": 0.0,
        "reward_mean": 151.23485839486122
    },
    "record54": {
        "actor_loss": -0.06091510170466791,
        "critic_loss": 0.0,
        "reward_mean": 151.04691650867463
    },
    "record55": {
        "actor_loss": -0.05884468129082961,
        "critic_loss": 0.0,
        "reward_mean": 151.32925379872322
    },
    "record56": {
        "actor_loss": -0.05860697932963376,
        "critic_loss": 0.0,