{
    "record1": {
        "actor_loss": -1.1077115362137555,
        "critic_loss": 0.0,
        "reward_mean": 234.14728723144532
    },
    "record2": {
        "actor_loss": -1.1402727453708648,
        "critic_loss": 0.0,
        "reward_mean": 237.6301217956543
    },
    "record3": {
        "actor_loss": -1.1566588929742574,
        "critic_loss": 0.0,
        "reward_mean": 238.48092388916015
    },
    "record4": {
        "actor_loss": -0.8948834628462792,
        "critic_loss": 0.0,
        "reward_mean": 231.99148791503907
    },
    "record5": {
        "actor_loss": -1.2057534231841565,
        "critic_loss": 0.0,
        "reward_mean": 235.76822396850585
    },
    "record6": {
        "actor_loss": -1.2871719219982625,
        "critic_loss": 0.0,
        "reward_mean": 234.93655282592775
    },
    "record7": {
        "actor_loss": -1.2004127035737038,
        "critic_loss": 0.0,
        "reward_mean": 237.3696457824707
    },
    "record8": {
        "actor_loss": -1.1330228711664676,
        "critic_loss": 0.0,
        "reward_mean": 238.03441012573242
    },
    "record9": {
        "actor_loss": -0.6866827213615179,
        "critic_loss": 0.0,
        "reward_mean": 238.4065363769531
    },
    "record10": {
        "actor_loss": -0.8039210346341134,
        "critic_loss": 0.0,
        "reward_mean": 236.58151135253905
    },
    "record11": {
        "actor_loss": -0.9789144794493914,
        "critic_loss": 0.0,
        "reward_mean": 232.9245248413086
    },
    "record12": {
        "actor_loss": -0.9749498222768307,
        "critic_loss": 0.0,
        "reward_mean": 236.86649365234376
    },
    "record13": {
        "actor_loss": -0.8889464441537857,
        "critic_loss": 0.0,
        "reward_mean": 229.39775283813478
    },
    "record14": {
        "actor_loss": -0.8855425368845463,
        "critic_loss": 0.0,
        "reward_mean": 229.89200271606444
    },
    "record15": {
        "actor_loss": -1.2168757877349854,
        "critic_loss": 0.0,
        "reward_mean": 232.99120376586913
    },
    "record16": {
        "actor_loss": -0.8427751818150282,
        "critic_loss": 0.0,
        "reward_mean": 230.32019284057617
    },
    "record17": {
        "actor_loss": -1.053244570016861,
        "critic_loss": 0.0,
        "reward_mean": 235.06132559204102
    },
    "record18": {
        "actor_loss": -0.8279126697629691,
        "critic_loss": 0.0,
        "reward_mean": 235.28420922851564
    },
    "record19": {
        "actor_loss": -0.7594370341002941,
        "critic_loss": 0.0,
        "reward_mean": 231.447464263916
    },
    "record20": {
        "actor_loss": -0.7892564864456654,
        "critic_loss": 0.0,
        "reward_mean": 227.01789260864257
    },
    "record21": {
        "actor_loss": -0.831148379996419,
        "critic_loss": 0.0,
        "reward_mean": 226.58764498901368
    },
    "record22": {
        "actor_loss": -0.8328853919804097,
        "critic_loss": 0.0,
        "reward_mean": 231.5372523498535
    },
    "record23": {
        "actor_loss": -1.2708988883197307,
        "critic_loss": 0.0,
        "reward_mean": 234.92235369873046
    },
    "record24": {
        "actor_loss": -1.3061126286387443,
        "critic_loss": 0.0,
        "reward_mean": 235.90249493408203
    },
    "record25": {
        "actor_loss": -1.445010176718235,
        "critic_loss": 0.0,
        "reward_mean": 233.95199392700195
    },
    "record26": {
        "actor_loss": -1.507118732690811,
        "critic_loss": 0.0,
        "reward_mean": 234.91054852294923
    },
    "record27": {
        "actor_loss": -1.1493679822087288,
        "critic_loss": 0.0,
        "reward_mean": 228.80230825805663
    },
    "record28": {
        "actor_loss": -1.3851230273246764,
        "critic_loss": 0.0,
        "reward_mean": 229.62434188842772
    },
    "record29": {
        "actor_loss": -1.3581812567710876,
        "critic_loss": 0.0,
        "reward_mean": 231.59145123291015
    },
    "record30": {
        "actor_loss": -1.284598206192255,
        "critic_loss": 0.0,
        "reward_mean": 232.00332482910156
    },
    "record31": {
        "actor_loss": -1.3114466264247895,
        "critic_loss": 0.0,
        "reward_mean": 232.39791201782228
    },
    "record32": {
        "actor_loss": -1.2816900942623615,
        "critic_loss": 0.0,
        "reward_mean": 231.5403772277832
    },
    "record33": {
        "actor_loss": -1.2908303833305836,
        "critic_loss": 0.0,
        "reward_mean": 232.30533825683594
    },
    "record34": {
        "actor_loss": -1.445494642496109,
        "critic_loss": 0.0,
        "reward_mean": 232.78052157592774
    },
    "record35": {
        "actor_loss": -1.1505125356763601,
        "critic_loss": 0.0,
        "reward_mean": 226.95149636840821
    },
    "record36": {
        "actor_loss": -1.376164693057537,
        "critic_loss": 0.0,
        "reward_mean": 230.92221514892577
    },
    "record37": {
        "actor_loss": -1.3104570738077164,
        "critic_loss": 0.0,
        "reward_mean": 230.0985495300293
    },
    "record38": {
        "actor_loss": -1.3079066497981549,
        "critic_loss": 0.0,
        "reward_mean": 230.00329431152343
    },
    "record39": {
        "actor_loss": -1.3327225913405418,
        "critic_loss": 0.0,
        "reward_mean": 232.42571084594726
    },
    "record40": {
        "actor_loss": -1.3098946813941001,
        "critic_loss": 0.0,
        "reward_mean": 229.68881732177735
    },
    "record41": {
        "actor_loss": -1.3713482607603074,
        "critic_loss": 0.0,
        "reward_mean": 229.32682400512695
    },
    "record42": {
        "actor_loss": -1.1539074533730744,
        "critic_loss": 0.0,
        "reward_mean": 230.02146914672852
    },
    "record43": {
        "actor_loss": -1.0481049344539641,
        "critic_loss": 0.0,
        "reward_mean": 230.9614872741699
    },
    "record44": {
        "actor_loss": -1.1357485485672951,
        "critic_loss": 0.0,
        "reward_mean": 231.34537130737306
    },
    "record45": {
        "actor_loss": -1.1896656348705292,
        "critic_loss": 0.0,
        "reward_mean": 229.6248317260742
    },
    "record46": {
        "actor_loss": -1.1649478657245635,
        "critic_loss": 0.0,
        "reward_mean": 230.09460635375976
    },
    "record47": {
        "actor_loss": -1.0295128669440747,
        "critic_loss": 0.0,
        "reward_mean": 228.0844881591797
    },
    "record48": {
        "actor_loss": -0.9903895677924156,
        "critic_loss": 0.0,
        "reward_mean": 226.7681251220703
    },
    "record49": {
        "actor_loss": -1.06314391335845,
        "critic_loss": 0.0,
        "reward_mean": 226.545017578125
    },
    "record50": {
        "actor_loss": -1.1240470170974732,
        "critic_loss": 0.0,
        "reward_mean": 227.4099063720703
    },
    "record51": {
        "actor_loss": -1.192685919046402,
        "critic_loss": 0.0,
        "reward_mean": 229.39056048583984
    },
    "record52": {
        "actor_loss": -0.849490412414074,
        "critic_loss": 0.0,
        "reward_mean": 227.14236962890624
    },
    "record53": {
        "actor_loss": -1.2371437612175942,
        "critic_loss": 0.0,
        "reward_mean": 231.77327935791016
    },
    "record54": {
        "actor_loss": -1.1981885655522346,
        "critic_loss": 0.0,
        "reward_mean": 232.53532421875
    },
    "record55": {
        "actor_loss": -1.093881513595581,
        "critic_loss": 0.0,
        "reward_mean": 234.91800463867187
    },
    "record56": {
        "actor_loss": -0.86377476978302,
        "critic_loss": 0.0,
        "reward_mean": 233.1919715270996
    },