{
    "record1": {
        "actor_loss": -1.619912647920847,
        "critic_loss": 1413.9359806396485,
        "reward_mean": -225.74593209228516
    },
    "record2": {
        "actor_loss": -1.7077694943398236,
        "critic_loss": 1374.4507236328125,
        "reward_mean": -226.25416138305664
    },
    "record3": {
        "actor_loss": -1.6660748310610651,
        "critic_loss": 1302.2957182861328,
        "reward_mean": -226.11386660461426
    },
    "record4": {
        "actor_loss": -1.4396930642157793,
        "critic_loss": 1314.4444198425292,
        "reward_mean": -232.42474447021485
    },
    "record5": {
        "actor_loss": -1.3223093072712422,
        "critic_loss": 1215.6134450500488,
        "reward_mean": -225.4565424987793
    },
    "record6": {
        "actor_loss": -1.7355979262411594,
        "critic_loss": 1245.7993901123048,
        "reward_mean": -223.29683415527344
    },
    "record7": {
        "actor_loss": -1.7739956012874842,
        "critic_loss": 1245.4935056274414,
        "reward_mean": -225.7181222808838
    },
    "record8": {
        "actor_loss": -1.810827262634039,
        "critic_loss": 1238.354323413086,
        "reward_mean": -227.8872336151123
    },
    "record9": {
        "actor_loss": -1.5619801934242248,
        "critic_loss": 1128.9488523315429,
        "reward_mean": -224.07442493286132
    },
    "record10": {
        "actor_loss": -1.2907636835113168,
        "critic_loss": 1094.9283659057617,
        "reward_mean": -221.04014522705077
    },
    "record11": {
        "actor_loss": -1.4356376622766256,
        "critic_loss": 1187.547012902832,
        "reward_mean": -224.624175289917
    },
    "record12": {
        "actor_loss": -1.5876583902180195,
        "critic_loss": 1197.911695690918,
        "reward_mean": -228.04750320129395
    },
    "record13": {
        "actor_loss": -1.0187119424015283,
        "critic_loss": 983.4575174743652,
        "reward_mean": -218.1919001739502
    },
    "record14": {
        "actor_loss": -0.8334872658863663,
        "critic_loss": 932.9393157104493,
        "reward_mean": -218.66897657470705
    },
    "record15": {
        "actor_loss": -1.4698685544088483,
        "critic_loss": 1195.7473644348145,
        "reward_mean": -227.27176362304687
    },
    "record16": {
        "actor_loss": -1.5576236846864224,
        "critic_loss": 1181.8623312866212,
        "reward_mean": -226.20763038330077
    },
    "record17": {
        "actor_loss": -1.2773638081163168,
        "critic_loss": 1007.5446418884277,
        "reward_mean": -223.88561003723146
    },
    "record18": {
        "actor_loss": -1.367030941967666,
        "critic_loss": 1022.3784641418457,
        "reward_mean": -222.94005238952636
    },
    "record19": {
        "actor_loss": -2.1370458125948906,
        "critic_loss": 1335.8375091918945,
        "reward_mean": -231.87423735961914
    },
    "record20": {
        "actor_loss": -1.9199030877113343,
        "critic_loss": 1258.9998458862306,
        "reward_mean": -228.32656668395995
    },
    "record21": {
        "actor_loss": -1.7988734522521497,
        "critic_loss": 1259.733631237793,
        "reward_mean": -226.42429760131836
    },
    "record22": {
        "actor_loss": -1.9041734902560712,
        "critic_loss": 1282.237639782715,
        "reward_mean": -228.60762092895507
    },
    "record23": {
        "actor_loss": -1.9455767385184766,
        "critic_loss": 1304.163032849121,
        "reward_mean": -229.63101816711426
    },
    "record24": {
        "actor_loss": -2.349029548740387,
        "critic_loss": 1479.8885442260741,
        "reward_mean": -231.78319416503905
    },
    "record25": {
        "actor_loss": -2.4250017528295515,
        "critic_loss": 1581.0160565551757,
        "reward_mean": -236.16593692626952
    },
    "record26": {
        "actor_loss": -2.489296933245659,
        "critic_loss": 1609.9888264160156,
        "reward_mean": -237.18230646362304
    },
    "record27": {
        "actor_loss": -2.2952973653912543,
        "critic_loss": 1543.8935581054689,
        "reward_mean": -232.83161038513182
    },
    "record28": {
        "actor_loss": -2.292661490428448,
        "critic_loss": 1533.426815185547,
        "reward_mean": -231.37354966430664
    },
    "record29": {
        "actor_loss": -2.466432850575447,
        "critic_loss": 1617.149141015625,
        "reward_mean": -238.7834389038086
    },
    "record30": {
        "actor_loss": -2.386490537428856,
        "critic_loss": 1473.9925725219728,
        "reward_mean": -234.20209468078613
    },
    "record31": {
        "actor_loss": -2.4720258479833603,
        "critic_loss": 1462.0275097045899,
        "reward_mean": -230.82923074035645
    },
    "record32": {
        "actor_loss": -2.3953580736398696,
        "critic_loss": 1458.451042578125,
        "reward_mean": -230.98553914794923
    },
    "record33": {
        "actor_loss": -2.3602389196634292,
        "critic_loss": 1447.2307483032228,
        "reward_mean": -233.25859829101563
    },
    "record34": {
        "actor_loss": -2.177475087916851,
        "critic_loss": 1350.6941952026368,
        "reward_mean": -225.53936296386718
    },
    "record35": {
        "actor_loss": -1.9095177770197391,
        "critic_loss": 1307.0245635131837,
        "reward_mean": -227.4128755859375
    },
    "record36": {
        "actor_loss": -1.979230421590805,
        "critic_loss": 1310.6972829101562,
        "reward_mean": -224.94508866271974
    },
    "record37": {
        "actor_loss": -2.2391423320412636,
        "critic_loss": 1413.2516241821288,
        "reward_mean": -224.7852181121826
    },
    "record38": {
        "actor_loss": -2.0472263454914095,
        "critic_loss": 1372.82148359375,
        "reward_mean": -223.4551028289795
    },
    "record39": {
        "actor_loss": -2.040233378648758,
        "critic_loss": 1333.1169020141601,
        "reward_mean": -225.49584767456054
    },
    "record40": {
        "actor_loss": -2.172069850754738,
        "critic_loss": 1430.7542016235352,
        "reward_mean": -230.2134740234375
    },
    "record41": {
        "actor_loss": -2.0879812985301016,
        "critic_loss": 1360.246849621582,
        "reward_mean": -228.05892444458007
    },
    "record42": {
        "actor_loss": -1.537129919013381,
        "critic_loss": 1112.9306059570313,
        "reward_mean": -221.92547922668456
    },
    "record43": {
        "actor_loss": -1.7864359687566758,
        "critic_loss": 1202.8483659790038,
        "reward_mean": -228.24283889160156
    },
    "record44": {
        "actor_loss": -2.2002320778727533,
        "critic_loss": 1317.626665661621,
        "reward_mean": -232.7232903289795
    },
    "record45": {
        "actor_loss": -2.229393824672699,
        "critic_loss": 1259.758080822754,
        "reward_mean": -233.80584650268554
    },
    "record46": {
        "actor_loss": -2.0812762892246246,
        "critic_loss": 1193.500380847168,
        "reward_mean": -238.88473620910645
    },
    "record47": {
        "actor_loss": -1.9187800242602826,
        "critic_loss": 1160.8948690063476,
        "reward_mean": -237.5716164428711
    },
    "record48": {
        "actor_loss": -2.104447269487381,
        "critic_loss": 1223.9761337890625,
        "reward_mean": -239.68777047729492
    },
    "record49": {
        "actor_loss": -2.059093752038479,
        "critic_loss": 1283.3542694946289,
        "reward_mean": -237.868653036499
    },
    "record50": {
        "actor_loss": -2.310535008454323,
        "critic_loss": 1468.0268045410157,
        "reward_mean": -237.13311511535645
    },
    "record51": {
        "actor_loss": -2.398031908106804,
        "critic_loss": 1481.776533935547,