{
    "record1": {
        "actor_loss": -2.409174680709839,
        "critic_loss": 220094.99375,
        "reward_mean": 232.20325317382813
    },
    "record2": {
        "actor_loss": -2.4495450973510744,
        "critic_loss": 214463.665625,
        "reward_mean": 234.95649108886718
    },
    "record3": {
        "actor_loss": -2.717063283920288,
        "critic_loss": 214370.178125,
        "reward_mean": 244.2478240966797
    },
    "record4": {
        "actor_loss": -2.665836143493652,
        "critic_loss": 202925.734375,
        "reward_mean": 240.4930389404297
    },
    "record5": {
        "actor_loss": -2.392663288116455,
        "critic_loss": 191421.134375,
        "reward_mean": 235.74476013183593
    },
    "record6": {
        "actor_loss": -2.4255223274230957,
        "critic_loss": 181658.36875,
        "reward_mean": 233.46841735839843
    },
    "record7": {
        "actor_loss": -2.380968618392944,
        "critic_loss": 171784.096875,
        "reward_mean": 232.12354125976563
    },
    "record8": {
        "actor_loss": -2.6040870189666747,
        "critic_loss": 160072.903125,
        "reward_mean": 229.73482360839844
    },
    "record9": {
        "actor_loss": -2.350251483917236,
        "critic_loss": 156851.353125,
        "reward_mean": 239.76710815429686
    },
    "record10": {
        "actor_loss": -2.422455930709839,
        "critic_loss": 142600.178125,
        "reward_mean": 240.07923583984376
    },
    "record11": {
        "actor_loss": -2.6730095863342287,
        "critic_loss": 122720.9953125,
        "reward_mean": 237.31477966308594
    },
    "record12": {
        "actor_loss": -2.539347267150879,
        "critic_loss": 101831.225,
        "reward_mean": 236.5156036376953
    },
    "record13": {
        "actor_loss": -2.9117101192474366,
        "critic_loss": 78923.1203125,
        "reward_mean": 237.6515350341797
    },
    "record14": {
        "actor_loss": -2.8165086269378663,
        "critic_loss": 53421.984375,
        "reward_mean": 238.75907287597656
    },
    "record15": {
        "actor_loss": -2.7416078090667724,
        "critic_loss": 25963.8501953125,
        "reward_mean": 237.46607971191406
    },
    "record16": {
        "actor_loss": -2.4165345191955567,
        "critic_loss": 5706.01962890625,
        "reward_mean": 235.1851806640625
    },
    "record17": {
        "actor_loss": -2.157483124732971,
        "critic_loss": 2503.5796142578124,
        "reward_mean": 238.32239990234376
    },
    "record18": {
        "actor_loss": -1.9504182815551758,
        "critic_loss": 3141.868701171875,
        "reward_mean": 238.07181091308593
    },
    "record19": {
        "actor_loss": -2.462138032913208,
        "critic_loss": 1796.2060546875,
        "reward_mean": 233.6785400390625
    },
    "record20": {
        "actor_loss": -2.3396249771118165,
        "critic_loss": 2213.664794921875,
        "reward_mean": 234.05255737304688
    },
    "record21": {
        "actor_loss": -2.2143758296966554,
        "critic_loss": 1805.6952392578125,
        "reward_mean": 237.81988525390625
    },
    "record22": {
        "actor_loss": -2.0139039039611815,
        "critic_loss": 2253.734375,
        "reward_mean": 235.91000061035157
    },
    "record23": {
        "actor_loss": -2.1882070541381835,
        "critic_loss": 1677.621875,
        "reward_mean": 238.909033203125
    },
    "record24": {
        "actor_loss": -2.439242887496948,
        "critic_loss": 1365.025830078125,
        "reward_mean": 237.98949279785157
    },
    "record25": {
        "actor_loss": -2.3063659191131594,
        "critic_loss": 1777.230078125,
        "reward_mean": 234.76663208007812
    },
    "record26": {
        "actor_loss": -2.3896898508071898,
        "critic_loss": 1724.954541015625,
        "reward_mean": 233.17576904296874
    },
    "record27": {
        "actor_loss": -2.7083519458770753,
        "critic_loss": 2048.5955810546875,
        "reward_mean": 237.44794006347655
    },
    "record28": {
        "actor_loss": -2.485279893875122,
        "critic_loss": 1628.978173828125,
        "reward_mean": 236.58374938964843
    },
    "record29": {
        "actor_loss": -2.3028250694274903,
        "critic_loss": 1680.40205078125,
        "reward_mean": 235.693359375
    },
    "record30": {
        "actor_loss": -2.161610984802246,
        "critic_loss": 1524.32568359375,
        "reward_mean": 234.32535400390626
    },
    "record31": {
        "actor_loss": -2.2811527252197266,
        "critic_loss": 1469.783154296875,
        "reward_mean": 237.7651397705078
    },
    "record32": {
        "actor_loss": -2.1802133083343507,
        "critic_loss": 1604.0828857421875,
        "reward_mean": 238.20831298828125
    },
    "record33": {
        "actor_loss": -2.418488359451294,
        "critic_loss": 1538.6093505859376,
        "reward_mean": 232.59067993164064
    },
    "record34": {
        "actor_loss": -2.427228879928589,
        "critic_loss": 1491.8427001953125,
        "reward_mean": 233.00035095214844
    },
    "record35": {
        "actor_loss": -2.3261247634887696,
        "critic_loss": 1632.9397216796874,
        "reward_mean": 231.47051391601562
    },
    "record36": {
        "actor_loss": -2.41958065032959,
        "critic_loss": 1561.9836669921874,
        "reward_mean": 230.0892578125
    },
    "record37": {
        "actor_loss": -2.562589931488037,
        "critic_loss": 1418.27919921875,
        "reward_mean": 236.6259765625
    },
    "record38": {
        "actor_loss": -2.596088695526123,
        "critic_loss": 1551.6896728515626,
        "reward_mean": 237.44871826171874
    },
    "record39": {
        "actor_loss": -2.418109083175659,
        "critic_loss": 1634.485400390625,
        "reward_mean": 233.25473327636718
    },
    "record40": {
        "actor_loss": -2.403169536590576,
        "critic_loss": 1676.42900390625,
        "reward_mean": 233.3441375732422
    },
    "record41": {
        "actor_loss": -1.9618337154388428,
        "critic_loss": 1244.5548706054688,
        "reward_mean": 238.21221923828125
    },
    "record42": {
        "actor_loss": -2.225699710845947,
        "critic_loss": 1284.764453125,
        "reward_mean": 236.81150817871094
    },
    "record43": {
        "actor_loss": -2.537716245651245,
        "critic_loss": 1848.7087646484374,
        "reward_mean": 237.98880920410156
    },
    "record44": {
        "actor_loss": -2.57982497215271,
        "critic_loss": 1754.156689453125,
        "reward_mean": 237.81312561035156
    },
    "record45": {
        "actor_loss": -2.4413106441497803,
        "critic_loss": 1585.7826904296876,
        "reward_mean": 238.38778381347657
    },
    "record46": {
        "actor_loss": -2.696948432922363,
        "critic_loss": 1744.88525390625,
        "reward_mean": 239.6380859375
    },
    "record47": {
        "actor_loss": -2.5264114856719972,
        "critic_loss": 1681.1913818359376,
        "reward_mean": 234.14805908203124
    },
    "record48": {
        "actor_loss": -2.7038017749786376,
        "critic_loss": 1558.6533203125,
        "reward_mean": 234.16207275390624
    },
    "record49": {
        "actor_loss": -2.65969295501709,
        "critic_loss": 1418.4494140625,
        "reward_mean": 234.1599609375
    },
    "record50": {
        "actor_loss": -2.724870204925537,
        "critic_loss": 1498.703662109375,
        "reward_mean": 236.80633850097655
    },
    "record51": {
        "actor_loss": -2.3129236698150635,
        "critic_loss": 1565.063427734375,
        "reward_mean": 243.5528564453125
    },
    "record52": {
        "actor_loss": -2.3069323539733886,
        "critic_loss": 1772.6421630859375,