{
    "record1": {
        "actor_loss": -0.6830035188496113,
        "critic_loss": 0.0,
        "reward_mean": 169.35632833862306
    },
    "record2": {
        "actor_loss": -1.0049689475893975,
        "critic_loss": 0.0,
        "reward_mean": 176.07592041015624
    },
    "record3": {
        "actor_loss": -0.9316558117568493,
        "critic_loss": 0.0,
        "reward_mean": 177.30572756958009
    },
    "record4": {
        "actor_loss": -0.757249300763011,
        "critic_loss": 0.0,
        "reward_mean": 173.40396783447267
    },
    "record5": {
        "actor_loss": -0.809148402929306,
        "critic_loss": 0.0,
        "reward_mean": 179.20918161010744
    },
    "record6": {
        "actor_loss": -0.721094493880868,
        "critic_loss": 0.0,
        "reward_mean": 182.67302880859376
    },
    "record7": {
        "actor_loss": -0.5010846683532,
        "critic_loss": 0.0,
        "reward_mean": 177.66301425170897
    },
    "record8": {
        "actor_loss": -0.7504653163403273,
        "critic_loss": 0.0,
        "reward_mean": 180.23299060058594
    },
    "record9": {
        "actor_loss": -0.814190338715911,
        "critic_loss": 0.0,
        "reward_mean": 181.2680785522461
    },
    "record10": {
        "actor_loss": -0.7858356263712049,
        "critic_loss": 0.0,
        "reward_mean": 189.16248361206056
    },
    "record11": {
        "actor_loss": -1.0784280076771975,
        "critic_loss": 0.0,
        "reward_mean": 180.253251953125
    },
    "record12": {
        "actor_loss": -0.5901144931316376,
        "critic_loss": 0.0,
        "reward_mean": 175.26907827758788
    },
    "record13": {
        "actor_loss": -0.6320952182114125,
        "critic_loss": 0.0,
        "reward_mean": 184.94703833007813
    },
    "record14": {
        "actor_loss": -0.6110692069977521,
        "critic_loss": 0.0,
        "reward_mean": 184.84031787109376
    },
    "record15": {
        "actor_loss": -0.44017605265974996,
        "critic_loss": 0.0,
        "reward_mean": 179.71575805664062
    },
    "record16": {
        "actor_loss": -0.5565121707618237,
        "critic_loss": 0.0,
        "reward_mean": 184.03184356689454
    },
    "record17": {
        "actor_loss": -0.6218507332205773,
        "critic_loss": 0.0,
        "reward_mean": 189.80195532226563
    },
    "record18": {
        "actor_loss": -0.7491440108567476,
        "critic_loss": 0.0,
        "reward_mean": 180.95205670166015
    },
    "record19": {
        "actor_loss": -0.7668249964118004,
        "critic_loss": 0.0,
        "reward_mean": 173.24771560668944
    },
    "record20": {
        "actor_loss": -0.6439678013548255,
        "critic_loss": 0.0,
        "reward_mean": 172.17732723999023
    },
    "record21": {
        "actor_loss": -0.6525396204441786,
        "critic_loss": 0.0,
        "reward_mean": 176.092632232666
    },
    "record22": {
        "actor_loss": -0.9738497628718614,
        "critic_loss": 0.0,
        "reward_mean": 172.88839358520508
    },
    "record23": {
        "actor_loss": -1.1891940558254719,
        "critic_loss": 0.0,
        "reward_mean": 169.41819998168944
    },
    "record24": {
        "actor_loss": -1.2485083958506584,
        "critic_loss": 0.0,
        "reward_mean": 168.76777294921874
    },
    "record25": {
        "actor_loss": -1.2700812293291093,
        "critic_loss": 0.0,
        "reward_mean": 164.82936328125
    },
    "record26": {
        "actor_loss": -1.5712288328409194,
        "critic_loss": 0.0,
        "reward_mean": 167.41862634277345
    },
    "record27": {
        "actor_loss": -1.4246906427443027,
        "critic_loss": 0.0,
        "reward_mean": 157.23577182006835
    },
    "record28": {
        "actor_loss": -1.4108903802633286,
        "critic_loss": 0.0,
        "reward_mean": 161.82595321655273
    },
    "record29": {
        "actor_loss": -1.5158372381329537,
        "critic_loss": 0.0,
        "reward_mean": 161.34750143432618
    },
    "record30": {
        "actor_loss": -1.6024600932896138,
        "critic_loss": 0.0,
        "reward_mean": 167.3561270751953
    },
    "record31": {
        "actor_loss": -1.6112440193891526,
        "critic_loss": 0.0,
        "reward_mean": 166.18266452026367
    },
    "record32": {
        "actor_loss": -1.5579715884923935,
        "critic_loss": 0.0,
        "reward_mean": 165.7937628173828
    },
    "record33": {
        "actor_loss": -1.3298156958818437,
        "critic_loss": 0.0,
        "reward_mean": 164.82747967529298
    },
    "record34": {
        "actor_loss": -0.8676459862142801,
        "critic_loss": 0.0,
        "reward_mean": 161.5892205810547
    },
    "record35": {
        "actor_loss": -0.5782569115906954,
        "critic_loss": 0.0,
        "reward_mean": 159.54642504882813
    },
    "record36": {
        "actor_loss": -0.8599207621216775,
        "critic_loss": 0.0,
        "reward_mean": 158.07095697021484
    },
    "record37": {
        "actor_loss": -1.1294894745349884,
        "critic_loss": 0.0,
        "reward_mean": 161.25443450927733
    },
    "record38": {
        "actor_loss": -1.4137795224189758,
        "critic_loss": 0.0,
        "reward_mean": 165.98133612060548
    },
    "record39": {
        "actor_loss": -1.3880344398841262,
        "critic_loss": 0.0,
        "reward_mean": 163.91604888916015
    },
    "record40": {
        "actor_loss": -1.3862210170030593,
        "critic_loss": 0.0,
        "reward_mean": 165.07618029785155
    },
    "record41": {
        "actor_loss": -1.5122068482637405,
        "critic_loss": 0.0,
        "reward_mean": 166.31143927001952
    },
    "record42": {
        "actor_loss": -1.4152287261486054,
        "critic_loss": 0.0,
        "reward_mean": 164.4099833984375
    },
    "record43": {
        "actor_loss": -1.2036327702999114,
        "critic_loss": 0.0,
        "reward_mean": 169.17326919555663
    },
    "record44": {
        "actor_loss": -0.7805690737962723,
        "critic_loss": 0.0,
        "reward_mean": 159.20960238647461
    },
    "record45": {
        "actor_loss": -1.1961900395751,
        "critic_loss": 0.0,
        "reward_mean": 163.78271826171874
    },
    "record46": {
        "actor_loss": -0.8652751025557518,
        "critic_loss": 0.0,
        "reward_mean": 166.86130996704102
    },
    "record47": {
        "actor_loss": -1.2384486365020275,
        "critic_loss": 0.0,
        "reward_mean": 165.4540710144043
    },
    "record48": {
        "actor_loss": -1.1483716809749602,
        "critic_loss": 0.0,
        "reward_mean": 160.78593197631835
    },
    "record49": {
        "actor_loss": -1.2466391703486444,
        "critic_loss": 0.0,
        "reward_mean": 163.2524592590332
    },
    "record50": {
        "actor_loss": -1.422459365963936,
        "critic_loss": 0.0,
        "reward_mean": 163.66509564208985
    },
    "record51": {
        "actor_loss": -1.2743188846707345,
        "critic_loss": 0.0,
        "reward_mean": 161.9737414550781
    },
    "record52": {
        "actor_loss": -1.152787776082754,
        "critic_loss": 0.0,
        "reward_mean": 162.3968997192383
    },
    "record53": {
        "actor_loss": -1.4237527956217528,
        "critic_loss": 0.0,
        "reward_mean": 168.22836630249023
    },
    "record54": {
        "actor_loss": -1.28658238825202,
        "critic_loss": 0.0,
        "reward_mean": 169.34504959106445
    },
    "record55": {
        "actor_loss": -1.1719158127605915,
        "critic_loss": 0.0,
        "reward_mean": 163.27789602661133
    },
    "record56": {
        "actor_loss": -0.8069096767753363,
        "critic_loss": 0.0,
        "reward_mean": 165.47029132080078
    },