{
    "record1": {
        "actor_loss": -0.09023778318078257,
        "critic_loss": 0.0,
        "reward_mean": 224.48595786094666
    },
    "record2": {
        "actor_loss": -0.11647435830673203,
        "critic_loss": 0.0,
        "reward_mean": 215.50216460227966
    },
    "record3": {
        "actor_loss": -0.2214344649692066,
        "critic_loss": 0.0,
        "reward_mean": 202.90514421463013
    },
    "record4": {
        "actor_loss": -0.26662014139583334,
        "critic_loss": 0.0,
        "reward_mean": 191.19933247566223
    },
    "record5": {
        "actor_loss": -0.33225728711113334,
        "critic_loss": 0.0,
        "reward_mean": 180.02693367004395
    },
    "record6": {
        "actor_loss": -0.3753977691521868,
        "critic_loss": 0.0,
        "reward_mean": 177.19206750392914
    },
    "record7": {
        "actor_loss": -0.3600296947406605,
        "critic_loss": 0.0,
        "reward_mean": 175.15165793895721
    },
    "record8": {
        "actor_loss": -0.3776865750551224,
        "critic_loss": 0.0,
        "reward_mean": 170.63653600215912
    },
    "record9": {
        "actor_loss": -0.36557288374751806,
        "critic_loss": 0.0,
        "reward_mean": 166.8006204366684
    },
    "record10": {
        "actor_loss": -0.3972642853623256,
        "critic_loss": 0.0,
        "reward_mean": 163.20654618740082
    },
    "record11": {
        "actor_loss": -0.40228154545184225,
        "critic_loss": 0.0,
        "reward_mean": 166.60872554779053
    },
    "record12": {
        "actor_loss": -0.35454593342728913,
        "critic_loss": 0.0,
        "reward_mean": 164.2976394891739
    },
    "record13": {
        "actor_loss": -0.4123324602842331,
        "critic_loss": 0.0,
        "reward_mean": 166.1447558403015
    },
    "record14": {
        "actor_loss": -0.4288087722379714,
        "critic_loss": 0.0,
        "reward_mean": 166.96688747406006
    },
    "record15": {
        "actor_loss": -0.4558322166558355,
        "critic_loss": 0.0,
        "reward_mean": 163.54945838451385
    },
    "record16": {
        "actor_loss": -0.42003348062280566,
        "critic_loss": 0.0,
        "reward_mean": 162.21342408657074
    },
    "record17": {
        "actor_loss": -0.43980132695287466,
        "critic_loss": 0.0,
        "reward_mean": 165.009934425354
    },
    "record18": {
        "actor_loss": -0.4110642947489396,
        "critic_loss": 0.0,
        "reward_mean": 162.7707781791687
    },
    "record19": {
        "actor_loss": -0.4221309252316132,
        "critic_loss": 0.0,
        "reward_mean": 161.48246586322784
    },
    "record20": {
        "actor_loss": -0.3885523682110943,
        "critic_loss": 0.0,
        "reward_mean": 165.18668019771576
    },
    "record21": {
        "actor_loss": -0.39630742266308516,
        "critic_loss": 0.0,
        "reward_mean": 160.59353578090668
    },
    "record22": {
        "actor_loss": -0.42245871806517243,
        "critic_loss": 0.0,
        "reward_mean": 158.86087310314178
    },
    "record23": {
        "actor_loss": -0.41472554428037256,
        "critic_loss": 0.0,
        "reward_mean": 158.70760130882263
    },
    "record24": {
        "actor_loss": -0.4065364808193408,
        "critic_loss": 0.0,
        "reward_mean": 158.75906360149384
    },
    "record25": {
        "actor_loss": -0.4136144774965942,
        "critic_loss": 0.0,
        "reward_mean": 162.2947437763214
    },
    "record26": {
        "actor_loss": -0.4167788518825546,
        "critic_loss": 0.0,
        "reward_mean": 156.4098355770111
    },
    "record27": {
        "actor_loss": -0.4095175565453246,
        "critic_loss": 0.0,
        "reward_mean": 158.08895087242126
    },
    "record28": {
        "actor_loss": -0.40976996324025095,
        "critic_loss": 0.0,
        "reward_mean": 161.66424357891083
    },
    "record29": {
        "actor_loss": -0.40726858912967145,
        "critic_loss": 0.0,
        "reward_mean": 159.91700398921967
    },
    "record30": {
        "actor_loss": -0.3876157180638984,
        "critic_loss": 0.0,
        "reward_mean": 155.96232962608337
    },
    "record31": {
        "actor_loss": -0.39594181545544416,
        "critic_loss": 0.0,
        "reward_mean": 156.11082780361176
    },
    "record32": {
        "actor_loss": -0.3754329620860517,
        "critic_loss": 0.0,
        "reward_mean": 160.07083642482758
    },
    "record33": {
        "actor_loss": -0.4066494513535872,
        "critic_loss": 0.0,
        "reward_mean": 158.11291587352753
    },
    "record34": {
        "actor_loss": -0.38092409272212535,
        "critic_loss": 0.0,
        "reward_mean": 158.01933991909027
    },
    "record35": {
        "actor_loss": -0.37339043233077973,
        "critic_loss": 0.0,
        "reward_mean": 156.7378717660904
    },
    "record36": {
        "actor_loss": -0.40817069832701236,
        "critic_loss": 0.0,
        "reward_mean": 156.66391503810883
    },
    "record37": {
        "actor_loss": -0.3863548095105216,
        "critic_loss": 0.0,
        "reward_mean": 160.00317347049713
    },
    "record38": {
        "actor_loss": -0.3580370284616947,
        "critic_loss": 0.0,
        "reward_mean": 159.32629680633545
    },
    "record39": {
        "actor_loss": -0.3717401516623795,
        "critic_loss": 0.0,
        "reward_mean": 157.8112565279007
    },
    "record40": {
        "actor_loss": -0.3836295766523108,
        "critic_loss": 0.0,
        "reward_mean": 162.36960339546204
    },
    "record41": {
        "actor_loss": -0.3759257437195629,
        "critic_loss": 0.0,
        "reward_mean": 159.23513436317444
    },
    "record42": {
        "actor_loss": -0.3666955827502534,
        "critic_loss": 0.0,
        "reward_mean": 155.85315477848053
    },
    "record43": {
        "actor_loss": -0.371456480352208,
        "critic_loss": 0.0,
        "reward_mean": 154.735417842865
    },
    "record44": {
        "actor_loss": -0.35483096359530464,
        "critic_loss": 0.0,
        "reward_mean": 154.4108226299286
    },
    "record45": {
        "actor_loss": -0.34781181381549686,
        "critic_loss": 0.0,
        "reward_mean": 160.21780383586884
    },
    "record46": {
        "actor_loss": -0.38267373654525727,
        "critic_loss": 0.0,
        "reward_mean": 155.10418224334717
    },
    "record47": {
        "actor_loss": -0.38199303508736193,
        "critic_loss": 0.0,
        "reward_mean": 155.029358625412
    },
    "record48": {
        "actor_loss": -0.33489444432780147,
        "critic_loss": 0.0,
        "reward_mean": 159.1589913368225
    },
    "record49": {
        "actor_loss": -0.3552388206589967,
        "critic_loss": 0.0,
        "reward_mean": 158.54917013645172
    },
    "record50": {
        "actor_loss": -0.3759452602826059,
        "critic_loss": 0.0,
        "reward_mean": 160.55518198013306
    },
    "record51": {
        "actor_loss": -0.3937435740372166,
        "critic_loss": 0.0,
        "reward_mean": 157.97327935695648
    },
    "record52": {
        "actor_loss": -0.35239134239964187,
        "critic_loss": 0.0,
        "reward_mean": 156.4422446489334
    },
    "record53": {
        "actor_loss": -0.3836794781964272,
        "critic_loss": 0.0,
        "reward_mean": 157.6271367073059
    },
    "record54": {
        "actor_loss": -0.3680136860348284,
        "critic_loss": 0.0,
        "reward_mean": 156.86945724487305
    },
    "record55": {
        "actor_loss": -0.3710417946567759,
        "critic_loss": 0.0,
        "reward_mean": 162.0258162021637
    },
    "record56": {
        "actor_loss": -0.3623647465137765,
        "critic_loss": 0.0,