{
    "record1": {
        "actor_loss": -1013.666748046875,
        "critic_loss": 111921.6328125,
        "reward_mean": 7.320195436477661e-07
    },
    "record2": {
        "actor_loss": 9108.134765625,
        "critic_loss": 4735237.5,
        "reward_mean": 1.4156103134155273e-07
    },
    "record3": {
        "actor_loss": 1981.3021240234375,
        "critic_loss": 363312.875,
        "reward_mean": 9.872019290924072e-08
    },
    "record4": {
        "actor_loss": -234.4380645751953,
        "critic_loss": 7011.31591796875,
        "reward_mean": -2.523884177207947e-07
    },
    "record5": {
        "actor_loss": -826.45068359375,
        "critic_loss": 56382.78125,
        "reward_mean": 1.6670674085617065e-07
    },
    "record6": {
        "actor_loss": -781.7613525390625,
        "critic_loss": 38448.5703125,
        "reward_mean": 5.662441253662109e-07
    },
    "record7": {
        "actor_loss": -150.33486938476562,
        "critic_loss": 1362.3934326171875,
        "reward_mean": 5.960464477539063e-08
    },
    "record8": {
        "actor_loss": 802.975341796875,
        "critic_loss": 27068.3515625,
        "reward_mean": -4.4330954551696777e-07
    },
    "record9": {
        "actor_loss": 543.0826416015625,
        "critic_loss": 11683.3701171875,
        "reward_mean": 7.450580596923828e-09
    },
    "record10": {
        "actor_loss": -360.4305114746094,
        "critic_loss": 5342.33251953125,
        "reward_mean": 7.450580596923828e-09
    },
    "record11": {
        "actor_loss": -671.5916748046875,
        "critic_loss": 17803.9453125,
        "reward_mean": 5.960464477539063e-08
    },
    "record12": {
        "actor_loss": -150.46017456054688,
        "critic_loss": 1221.0169677734375,
        "reward_mean": 3.3620744943618774e-07
    },
    "record13": {
        "actor_loss": 608.7149658203125,
        "critic_loss": 12310.7626953125,
        "reward_mean": 1.7508864402770996e-07
    },
    "record14": {
        "actor_loss": 425.0991516113281,
        "critic_loss": 5898.4619140625,
        "reward_mean": -6.891787052154541e-08
    },
    "record15": {
        "actor_loss": -198.08441162109375,
        "critic_loss": 1552.2640380859375,
        "reward_mean": -9.685754776000977e-08
    },
    "record16": {
        "actor_loss": -507.1302795410156,
        "critic_loss": 8444.61328125,
        "reward_mean": 2.0116567611694336e-07
    },
    "record17": {
        "actor_loss": -219.58901977539062,
        "critic_loss": 1627.0927734375,
        "reward_mean": -4.470348358154297e-08
    },
    "record18": {
        "actor_loss": 286.0721740722656,
        "critic_loss": 2720.158447265625,
        "reward_mean": -2.644956111907959e-07
    },
    "record19": {
        "actor_loss": 433.56298828125,
        "critic_loss": 5832.01513671875,
        "reward_mean": 4.6566128730773926e-08
    },
    "record20": {
        "actor_loss": 66.79803466796875,
        "critic_loss": 226.06365966796875,
        "reward_mean": 4.991888999938965e-07
    },
    "record21": {
        "actor_loss": -360.5515441894531,
        "critic_loss": 4401.95703125,
        "reward_mean": 6.705522537231445e-07
    },
    "record22": {
        "actor_loss": -246.42620849609375,
        "critic_loss": 2010.3017578125,
        "reward_mean": 4.842877388000488e-08
    },
    "record23": {
        "actor_loss": 75.5548324584961,
        "critic_loss": 247.8673553466797,
        "reward_mean": 1.2665987014770508e-07
    },
    "record24": {
        "actor_loss": 280.0863952636719,
        "critic_loss": 2456.802734375,
        "reward_mean": -1.778826117515564e-07
    },
    "record25": {
        "actor_loss": 139.03195190429688,
        "critic_loss": 607.823974609375,
        "reward_mean": -1.6391277313232422e-07
    },
    "record26": {
        "actor_loss": -122.77668762207031,
        "critic_loss": 507.0242614746094,
        "reward_mean": 3.427267074584961e-07
    },
    "record27": {
        "actor_loss": -234.45831298828125,
        "critic_loss": 1724.87353515625,
        "reward_mean": -7.078051567077637e-08
    },
    "record28": {
        "actor_loss": -66.83353424072266,
        "critic_loss": 155.3082275390625,
        "reward_mean": -2.2957101464271545e-07
    },
    "record29": {
        "actor_loss": 137.7262420654297,
        "critic_loss": 586.6491088867188,
        "reward_mean": -6.593763828277588e-07
    },
    "record30": {
        "actor_loss": 193.7073516845703,
        "critic_loss": 1119.2720947265625,
        "reward_mean": 4.246830940246582e-07
    },
    "record31": {
        "actor_loss": 27.815690994262695,
        "critic_loss": 53.29057693481445,
        "reward_mean": 6.854534149169922e-07
    },
    "record32": {
        "actor_loss": -149.873046875,
        "critic_loss": 729.9979248046875,
        "reward_mean": 4.209578037261963e-07
    },
    "record33": {
        "actor_loss": -133.5653076171875,
        "critic_loss": 585.08251953125,
        "reward_mean": -3.91155481338501e-08
    },
    "record34": {
        "actor_loss": 24.705698013305664,
        "critic_loss": 54.10076141357422,
        "reward_mean": -5.532056093215942e-07
    },
    "record35": {
        "actor_loss": 135.04859924316406,
        "critic_loss": 586.5028686523438,
        "reward_mean": 1.648440957069397e-07
    },
    "record36": {
        "actor_loss": 77.83153533935547,
        "critic_loss": 199.16436767578125,
        "reward_mean": 8.381903171539307e-09
    },
    "record37": {
        "actor_loss": -43.76872253417969,
        "critic_loss": 83.9699935913086,
        "reward_mean": 2.7008354663848877e-07
    },
    "record38": {
        "actor_loss": -127.22412109375,
        "critic_loss": 521.8111572265625,
        "reward_mean": 2.0116567611694336e-07
    },
    "record39": {
        "actor_loss": -26.520830154418945,
        "critic_loss": 41.153709411621094,
        "reward_mean": 1.862645149230957e-08
    },
    "record40": {
        "actor_loss": 77.7152099609375,
        "critic_loss": 187.0371551513672,
        "reward_mean": -1.601874828338623e-07
    },
    "record41": {
        "actor_loss": 93.40567779541016,
        "critic_loss": 270.3863525390625,
        "reward_mean": 2.868473529815674e-07
    },
    "record42": {
        "actor_loss": -7.548011302947998,
        "critic_loss": 13.335515975952148,
        "reward_mean": -1.043081283569336e-07
    },
    "record43": {
        "actor_loss": -88.36034393310547,
        "critic_loss": 253.21250915527344,
        "reward_mean": -5.364418029785156e-07
    },
    "record44": {
        "actor_loss": -56.73223114013672,
        "critic_loss": 109.43904113769531,
        "reward_mean": 2.2351741790771484e-08
    },
    "record45": {
        "actor_loss": 42.92335510253906,
        "critic_loss": 65.85429382324219,
        "reward_mean": -3.473833203315735e-07
    },
    "record46": {
        "actor_loss": 84.70484924316406,
        "critic_loss": 224.515869140625,
        "reward_mean": -1.4528632164001465e-07
    },
    "record47": {
        "actor_loss": 14.377010345458984,
        "critic_loss": 16.359426498413086,
        "reward_mean": -6.332993507385254e-08
    },
    "record48": {
        "actor_loss": -67.55200958251953,
        "critic_loss": 151.2838592529297,
        "reward_mean": 8.940696716308594e-08
    },
    "record49": {
        "actor_loss": -56.78804397583008,
        "critic_loss": 105.79238891601562,
        "reward_mean": 3.296881914138794e-07
    },
    "record50": {
        "actor_loss": 25.562108993530273,
        "critic_loss": 28.324329376220703,
        "reward_mean": 5.662441253662109e-07
    },
    "record51": {
        "actor_loss": 68.9278793334961,