{
    "record1": {
        "actor_loss": -0.034364704663554825,
        "critic_loss": 0.0,
        "reward_mean": 258.4216766357422
    },
    "record2": {
        "actor_loss": -0.11612341428796451,
        "critic_loss": 0.0,
        "reward_mean": 242.90091959635416
    },
    "record3": {
        "actor_loss": -0.140080438926816,
        "critic_loss": 0.0,
        "reward_mean": 233.02197138468424
    },
    "record4": {
        "actor_loss": -0.08025879040360451,
        "critic_loss": 0.0,
        "reward_mean": 226.25695292154947
    },
    "record5": {
        "actor_loss": -0.04231082151333491,
        "critic_loss": 0.0,
        "reward_mean": 223.7520523071289
    },
    "record6": {
        "actor_loss": -0.07700096132854621,
        "critic_loss": 0.0,
        "reward_mean": 224.53381474812826
    },
    "record7": {
        "actor_loss": -0.1072881780564785,
        "critic_loss": 0.0,
        "reward_mean": 221.53082275390625
    },
    "record8": {
        "actor_loss": -0.1066429577767849,
        "critic_loss": 0.0,
        "reward_mean": 215.36651229858398
    },
    "record9": {
        "actor_loss": -0.051439069211483,
        "critic_loss": 0.0,
        "reward_mean": 214.5031712849935
    },
    "record10": {
        "actor_loss": -0.029161794111132622,
        "critic_loss": 0.0,
        "reward_mean": 219.666140238444
    },
    "record11": {
        "actor_loss": -0.03398173674941063,
        "critic_loss": 0.0,
        "reward_mean": 221.16420110066733
    },
    "record12": {
        "actor_loss": -0.06571471442778905,
        "critic_loss": 0.0,
        "reward_mean": 217.5833625793457
    },
    "record13": {
        "actor_loss": -0.0666122871140639,
        "critic_loss": 0.0,
        "reward_mean": 215.0228157043457
    },
    "record14": {
        "actor_loss": -0.10723492254813512,
        "critic_loss": 0.0,
        "reward_mean": 215.79674911499023
    },
    "record15": {
        "actor_loss": -0.10493602479497592,
        "critic_loss": 0.0,
        "reward_mean": 219.35070419311523
    },
    "record16": {
        "actor_loss": -0.09763096148769061,
        "critic_loss": 0.0,
        "reward_mean": 215.88426462809244
    },
    "record17": {
        "actor_loss": -0.10005172590414683,
        "critic_loss": 0.0,
        "reward_mean": 221.3444341023763
    },
    "record18": {
        "actor_loss": -0.08970430369178455,
        "critic_loss": 0.0,
        "reward_mean": 221.70125325520834
    },
    "record19": {
        "actor_loss": -0.022188186645507812,
        "critic_loss": 0.0,
        "reward_mean": 219.8035036722819
    },
    "record20": {
        "actor_loss": -0.03910607099533081,
        "critic_loss": 0.0,
        "reward_mean": 220.4473737080892
    },
    "record21": {
        "actor_loss": -0.06546368387838204,
        "critic_loss": 0.0,
        "reward_mean": 211.56525166829428
    },
    "record22": {
        "actor_loss": -0.08268833781282107,
        "critic_loss": 0.0,
        "reward_mean": 210.27715555826822
    },
    "record23": {
        "actor_loss": -0.11227246994773547,
        "critic_loss": 0.0,
        "reward_mean": 210.1002400716146
    },
    "record24": {
        "actor_loss": -0.1277618141223987,
        "critic_loss": 0.0,
        "reward_mean": 211.05289459228516
    },
    "record25": {
        "actor_loss": -0.11912353460987408,
        "critic_loss": 0.0,
        "reward_mean": 211.95844141642252
    },
    "record26": {
        "actor_loss": -0.21922282998760542,
        "critic_loss": 0.0,
        "reward_mean": 212.48979059855142
    },
    "record27": {
        "actor_loss": -0.1787935383617878,
        "critic_loss": 0.0,
        "reward_mean": 205.40954208374023
    },
    "record28": {
        "actor_loss": -0.2158620028446118,
        "critic_loss": 0.0,
        "reward_mean": 211.79633712768555
    },
    "record29": {
        "actor_loss": -0.3182760799924533,
        "critic_loss": 0.0,
        "reward_mean": 209.41547012329102
    },
    "record30": {
        "actor_loss": -0.28089507420857746,
        "critic_loss": 0.0,
        "reward_mean": 210.76193873087564
    },
    "record31": {
        "actor_loss": -0.20554298162460327,
        "critic_loss": 0.0,
        "reward_mean": 206.99990590413412
    },
    "record32": {
        "actor_loss": -0.19639908025662103,
        "critic_loss": 0.0,
        "reward_mean": 206.7146199544271
    },
    "record33": {
        "actor_loss": -0.23218982356290022,
        "critic_loss": 0.0,
        "reward_mean": 200.7841593424479
    },
    "record34": {
        "actor_loss": -0.2741485573351383,
        "critic_loss": 0.0,
        "reward_mean": 204.42629623413086
    },
    "record35": {
        "actor_loss": -0.28602446739872295,
        "critic_loss": 0.0,
        "reward_mean": 203.4928410847982
    },
    "record36": {
        "actor_loss": -0.30325643097360927,
        "critic_loss": 0.0,
        "reward_mean": 207.47247823079428
    },
    "record37": {
        "actor_loss": -0.277998482187589,
        "critic_loss": 0.0,
        "reward_mean": 202.78092829386392
    },
    "record38": {
        "actor_loss": -0.2765326922138532,
        "critic_loss": 0.0,
        "reward_mean": 203.7992680867513
    },
    "record39": {
        "actor_loss": -0.2128936598698298,
        "critic_loss": 0.0,
        "reward_mean": 197.3572794596354
    },
    "record40": {
        "actor_loss": -0.14262181147933006,
        "critic_loss": 0.0,
        "reward_mean": 193.54641087849936
    },
    "record41": {
        "actor_loss": -0.22425196692347527,
        "critic_loss": 0.0,
        "reward_mean": 199.0666478474935
    },
    "record42": {
        "actor_loss": -0.23745795090993246,
        "critic_loss": 0.0,
        "reward_mean": 196.14086786905924
    },
    "record43": {
        "actor_loss": -0.2316032163798809,
        "critic_loss": 0.0,
        "reward_mean": 200.0301767985026
    },
    "record44": {
        "actor_loss": -0.22321269661188126,
        "critic_loss": 0.0,
        "reward_mean": 202.07573954264322
    },
    "record45": {
        "actor_loss": -0.1960312364002069,
        "critic_loss": 0.0,
        "reward_mean": 195.42275873819986
    },
    "record46": {
        "actor_loss": -0.2010918197532495,
        "critic_loss": 0.0,
        "reward_mean": 197.69528579711914
    },
    "record47": {
        "actor_loss": -0.17066781843701997,
        "critic_loss": 0.0,
        "reward_mean": 198.6510213216146
    },
    "record48": {
        "actor_loss": -0.26839228719472885,
        "critic_loss": 0.0,
        "reward_mean": 193.59906514485678
    },
    "record49": {
        "actor_loss": -0.31507111713290215,
        "critic_loss": 0.0,
        "reward_mean": 203.98124821980795
    },
    "record50": {
        "actor_loss": -0.2828273077805837,
        "critic_loss": 0.0,
        "reward_mean": 201.96806716918945
    },
    "record51": {
        "actor_loss": -0.22701886420448622,
        "critic_loss": 0.0,
        "reward_mean": 195.3205820719401
    },
    "record52": {
        "actor_loss": -0.24704371889432272,
        "critic_loss": 0.0,
        "reward_mean": 190.93608601888022
    },
    "record53": {
        "actor_loss": -0.2266525054971377,
        "critic_loss": 0.0,
        "reward_mean": 200.64173634847006
    },
    "record54": {
        "actor_loss": -0.20983275771141052,
        "critic_loss": 0.0,
        "reward_mean": 193.77825673421225
    },
    "record55": {
        "actor_loss": -0.25624869391322136,
        "critic_loss": 0.0,
        "reward_mean": 195.04612477620444
    },
    "record56": {
        "actor_loss": -0.19127564008037248,
        "critic_loss": 0.0,