{
    "record1": {
        "actor_loss": -1.44525370349118,
        "critic_loss": 1780.903887524605,
        "reward_mean": 230.95839584708213
    },
    "record2": {
        "actor_loss": -1.2945277454011375,
        "critic_loss": 852.7061198031902,
        "reward_mean": 231.2941364979744
    },
    "record3": {
        "actor_loss": -1.2358815136679915,
        "critic_loss": 808.4225899767875,
        "reward_mean": 226.621848167181
    },
    "record4": {
        "actor_loss": -1.3564675283239922,
        "critic_loss": 884.7802175021171,
        "reward_mean": 226.15524831056595
    },
    "record5": {
        "actor_loss": -1.5746855681203307,
        "critic_loss": 1013.3490610337258,
        "reward_mean": 224.47632577061654
    },
    "record6": {
        "actor_loss": -1.7687889685085976,
        "critic_loss": 1128.793883099556,
        "reward_mean": 227.17598201513292
    },
    "record7": {
        "actor_loss": -1.7676261724159121,
        "critic_loss": 1158.8411987638474,
        "reward_mean": 228.76286022543908
    },
    "record8": {
        "actor_loss": -1.7961398784443736,
        "critic_loss": 1178.0117589950562,
        "reward_mean": 233.12849281549452
    },
    "record9": {
        "actor_loss": -1.6575832292367705,
        "critic_loss": 1140.2660413002968,
        "reward_mean": 237.21855942964555
    },
    "record10": {
        "actor_loss": -1.4353211443428882,
        "critic_loss": 1059.5439855599404,
        "reward_mean": 243.12848773479462
    },
    "record11": {
        "actor_loss": -1.3825513661943842,
        "critic_loss": 1033.28412307024,
        "reward_mean": 243.64929288864136
    },
    "record12": {
        "actor_loss": -1.5231283171568066,
        "critic_loss": 1101.3082551431655,
        "reward_mean": 244.22300744652748
    },
    "record13": {
        "actor_loss": -1.5951452266192063,
        "critic_loss": 1062.532543785572,
        "reward_mean": 240.05522959947587
    },
    "record14": {
        "actor_loss": -1.696899205769878,
        "critic_loss": 1103.5690996146202,
        "reward_mean": 237.35444783329964
    },
    "record15": {
        "actor_loss": -1.412927297570277,
        "critic_loss": 1009.5142986822128,
        "reward_mean": 244.76904856443406
    },
    "record16": {
        "actor_loss": -1.524909131055174,
        "critic_loss": 1042.0538721966743,
        "reward_mean": 241.9683081829548
    },
    "record17": {
        "actor_loss": -1.6926785831269808,
        "critic_loss": 1073.624079067707,
        "reward_mean": 240.73623153090477
    },
    "record18": {
        "actor_loss": -1.794803603545297,
        "critic_loss": 1129.3609101748466,
        "reward_mean": 239.96453588962555
    },
    "record19": {
        "actor_loss": -1.7005757267586887,
        "critic_loss": 1101.0775159037114,
        "reward_mean": 239.93836959958077
    },
    "record20": {
        "actor_loss": -1.8128718691202812,
        "critic_loss": 1105.928567340374,
        "reward_mean": 237.9360120022297
    },
    "record21": {
        "actor_loss": -1.7903765613725409,
        "critic_loss": 1102.1246010136604,
        "reward_mean": 239.81401263833047
    },
    "record22": {
        "actor_loss": -1.7894588169129566,
        "critic_loss": 1126.595871067047,
        "reward_mean": 240.33091851472855
    },
    "record23": {
        "actor_loss": -1.8801437034038826,
        "critic_loss": 1155.1062374711037,
        "reward_mean": 237.35190619349478
    },
    "record24": {
        "actor_loss": -1.8612413747771643,
        "critic_loss": 1137.518489370346,
        "reward_mean": 238.84917612791062
    },
    "record25": {
        "actor_loss": -1.6366349564545088,
        "critic_loss": 1097.4677951669694,
        "reward_mean": 245.57183914780617
    },
    "record26": {
        "actor_loss": -1.8177954150061124,
        "critic_loss": 1154.3293280935288,
        "reward_mean": 243.14080241799354
    },
    "record27": {
        "actor_loss": -1.9245200344361364,
        "critic_loss": 1148.3039573216438,
        "reward_mean": 239.76547995567321
    },
    "record28": {
        "actor_loss": -1.9269748364551924,
        "critic_loss": 1196.5126596021653,
        "reward_mean": 238.86856360197066
    },
    "record29": {
        "actor_loss": -1.8751651329384185,
        "critic_loss": 1184.236284954548,
        "reward_mean": 239.66510149002076
    },
    "record30": {
        "actor_loss": -1.7825782945053652,
        "critic_loss": 1171.1636496019364,
        "reward_mean": 239.16723601460455
    },
    "record31": {
        "actor_loss": -1.9007776811439543,
        "critic_loss": 1203.1622987127305,
        "reward_mean": 238.2834717130661
    },
    "record32": {
        "actor_loss": -1.9043618171475827,
        "critic_loss": 1190.6067540740967,
        "reward_mean": 237.81002116322517
    },
    "record33": {
        "actor_loss": -1.9195834512892178,
        "critic_loss": 1375.4398561668395,
        "reward_mean": 238.930598269701
    },
    "record34": {
        "actor_loss": -1.8746048553125,
        "critic_loss": 1208.4912443184853,
        "reward_mean": 239.87564932823182
    },
    "record35": {
        "actor_loss": -1.9072812405461446,
        "critic_loss": 1239.5805753183365,
        "reward_mean": 242.20164564847946
    },
    "record36": {
        "actor_loss": -2.0001942776096984,
        "critic_loss": 1295.4323054790498,
        "reward_mean": 240.49921421766282
    },
    "record37": {
        "actor_loss": -2.0708038461906835,
        "critic_loss": 1258.0680925273896,
        "reward_mean": 240.63652723670006
    },
    "record38": {
        "actor_loss": -2.2177426511840896,
        "critic_loss": 1294.2070387029648,
        "reward_mean": 236.7110463011265
    },
    "record39": {
        "actor_loss": -1.9974477275297977,
        "critic_loss": 1181.2744262552262,
        "reward_mean": 237.26602081418037
    },
    "record40": {
        "actor_loss": -1.855295358498115,
        "critic_loss": 1126.7567445254326,
        "reward_mean": 238.0886312818527
    },
    "record41": {
        "actor_loss": -1.8990879320073872,
        "critic_loss": 1149.5579802560806,
        "reward_mean": 238.3650470864773
    },
    "record42": {
        "actor_loss": -1.9137076201708987,
        "critic_loss": 1122.0700371360779,
        "reward_mean": 235.970411965847
    },
    "record43": {
        "actor_loss": -2.0719201913755385,
        "critic_loss": 1168.659611787796,
        "reward_mean": 235.38126961588858
    },
    "record44": {
        "actor_loss": -2.107678008126095,
        "critic_loss": 1195.6922385787964,
        "reward_mean": 238.4806227993965
    },
    "record45": {
        "actor_loss": -2.183681781864725,
        "critic_loss": 1284.1054174089431,
        "reward_mean": 237.80142419457437
    },
    "record46": {
        "actor_loss": -2.180998168461956,
        "critic_loss": 1287.273464999199,
        "reward_mean": 235.22900014519692
    },
    "record47": {
        "actor_loss": -1.9743909055483528,
        "critic_loss": 1222.698317325115,
        "reward_mean": 236.90490126013756
    },
    "record48": {
        "actor_loss": -2.1916097077028827,
        "critic_loss": 1354.599592857361,
        "reward_mean": 237.13557585120202
    },
    "record49": {
        "actor_loss": -2.254076597285457,
        "critic_loss": 1384.4321132993698,
        "reward_mean": 236.29163678765298
    },
    "record50": {
        "actor_loss": -2.270772857684642,
        "critic_loss": 1347.4641200208664,
        "reward_mean": 237.54316984772683
    },
    "record51": {
        "actor_loss": -2.0865536167100074,
        "critic_loss": 1196.4375547266006,