{
    "record1": {
        "actor_loss": -0.451366873010993,
        "critic_loss": 17544.316971435546,
        "reward_mean": -225.93948501586914
    },
    "record2": {
        "actor_loss": -0.7246038300544023,
        "critic_loss": 2178.5700830078126,
        "reward_mean": -223.85580322265625
    },
    "record3": {
        "actor_loss": -1.0139383867383003,
        "critic_loss": 2086.968594970703,
        "reward_mean": -227.96375717163085
    },
    "record4": {
        "actor_loss": -0.7434759113192558,
        "critic_loss": 1821.9153198242188,
        "reward_mean": -229.41293991088867
    },
    "record5": {
        "actor_loss": -1.188663268238306,
        "critic_loss": 1747.9934814453125,
        "reward_mean": -232.80870864868163
    },
    "record6": {
        "actor_loss": -1.3697319310903548,
        "critic_loss": 1837.5229370117188,
        "reward_mean": -230.26623596191405
    },
    "record7": {
        "actor_loss": -1.4540567177534103,
        "critic_loss": 1892.8134069824218,
        "reward_mean": -234.46641555786132
    },
    "record8": {
        "actor_loss": -1.0506214579939843,
        "critic_loss": 1625.5855786132813,
        "reward_mean": -229.26128005981445
    },
    "record9": {
        "actor_loss": -1.357284623980522,
        "critic_loss": 1594.0821722412109,
        "reward_mean": -231.12136093139648
    },
    "record10": {
        "actor_loss": -1.1553964087367057,
        "critic_loss": 1443.0356225585938,
        "reward_mean": -232.11311981201172
    },
    "record11": {
        "actor_loss": -1.0931966426968573,
        "critic_loss": 1427.476879272461,
        "reward_mean": -234.51050582885742
    },
    "record12": {
        "actor_loss": -0.8342684578895568,
        "critic_loss": 1309.0428363037108,
        "reward_mean": -234.57304260253906
    },
    "record13": {
        "actor_loss": -1.1372853809595107,
        "critic_loss": 1389.546449584961,
        "reward_mean": -237.01145446777343
    },
    "record14": {
        "actor_loss": -0.9583452896773815,
        "critic_loss": 1371.4182580566405,
        "reward_mean": -234.60980499267578
    },
    "record15": {
        "actor_loss": -1.0668126958608628,
        "critic_loss": 1443.7537939453125,
        "reward_mean": -238.1989889526367
    },
    "record16": {
        "actor_loss": -1.170013703107834,
        "critic_loss": 1319.8902648925782,
        "reward_mean": -237.12843994140624
    },
    "record17": {
        "actor_loss": -1.322724580168724,
        "critic_loss": 1377.1144903564452,
        "reward_mean": -239.3575163269043
    },
    "record18": {
        "actor_loss": -1.390950515270233,
        "critic_loss": 1393.3637518310547,
        "reward_mean": -237.81712890625
    },
    "record19": {
        "actor_loss": -1.0460855792462826,
        "critic_loss": 1237.1883251953125,
        "reward_mean": -227.38668426513672
    },
    "record20": {
        "actor_loss": -1.4280080103874206,
        "critic_loss": 1380.314234008789,
        "reward_mean": -234.36184631347658
    },
    "record21": {
        "actor_loss": -1.1017405301332475,
        "critic_loss": 1285.740869140625,
        "reward_mean": -231.58443283081056
    },
    "record22": {
        "actor_loss": -1.3182373771071434,
        "critic_loss": 1332.0737335205079,
        "reward_mean": -226.00870697021483
    },
    "record23": {
        "actor_loss": -1.453427360057831,
        "critic_loss": 1377.7949395751953,
        "reward_mean": -233.04876556396485
    },
    "record24": {
        "actor_loss": -1.6359096720814705,
        "critic_loss": 1501.7199401855469,
        "reward_mean": -243.34302352905274
    },
    "record25": {
        "actor_loss": -1.482244439125061,
        "critic_loss": 1353.130776977539,
        "reward_mean": -237.7152700805664
    },
    "record26": {
        "actor_loss": -1.5274523422122002,
        "critic_loss": 1333.136019897461,
        "reward_mean": -235.20459671020507
    },
    "record27": {
        "actor_loss": -1.685406318306923,
        "critic_loss": 1372.925805053711,
        "reward_mean": -231.13691207885742
    },
    "record28": {
        "actor_loss": -1.7581337928771972,
        "critic_loss": 1428.502940673828,
        "reward_mean": -231.56319122314454
    },
    "record29": {
        "actor_loss": -1.6775847560167312,
        "critic_loss": 1478.2649670410156,
        "reward_mean": -234.91444290161132
    },
    "record30": {
        "actor_loss": -1.424949152469635,
        "critic_loss": 1363.6353643798827,
        "reward_mean": -231.07077072143554
    },
    "record31": {
        "actor_loss": -1.1065030151605606,
        "critic_loss": 1402.7830517578125,
        "reward_mean": -227.7841358947754
    },
    "record32": {
        "actor_loss": -1.1001799312233924,
        "critic_loss": 1256.4147113037109,
        "reward_mean": -231.80412109375
    },
    "record33": {
        "actor_loss": -1.2732630190253258,
        "critic_loss": 1329.3473651123047,
        "reward_mean": -232.07755401611328
    },
    "record34": {
        "actor_loss": -1.4866044127941132,
        "critic_loss": 1336.5161102294921,
        "reward_mean": -231.03061813354492
    },
    "record35": {
        "actor_loss": -1.4277016669511795,
        "critic_loss": 1419.8351635742188,
        "reward_mean": -233.41257431030274
    },
    "record36": {
        "actor_loss": -1.447553750872612,
        "critic_loss": 1418.2055224609376,
        "reward_mean": -229.7099803161621
    },
    "record37": {
        "actor_loss": -1.3414919596910477,
        "critic_loss": 1438.2419409179688,
        "reward_mean": -227.45501083374023
    },
    "record38": {
        "actor_loss": -1.4025531512498857,
        "critic_loss": 1465.4679388427735,
        "reward_mean": -229.00032943725586
    },
    "record39": {
        "actor_loss": -1.1949319458007812,
        "critic_loss": 1342.8448211669922,
        "reward_mean": -226.58852310180663
    },
    "record40": {
        "actor_loss": -1.4526381278038025,
        "critic_loss": 1506.3815502929688,
        "reward_mean": -228.39954055786131
    },
    "record41": {
        "actor_loss": -1.5355550187826157,
        "critic_loss": 1471.3500378417968,
        "reward_mean": -227.16447402954103
    },
    "record42": {
        "actor_loss": -1.5357305228710174,
        "critic_loss": 1427.8745874023436,
        "reward_mean": -227.40707107543946
    },
    "record43": {
        "actor_loss": -1.6610023748874665,
        "critic_loss": 1474.479310913086,
        "reward_mean": -227.63695968627928
    },
    "record44": {
        "actor_loss": -1.5395297515392303,
        "critic_loss": 1340.5165197753906,
        "reward_mean": -226.7543002319336
    },
    "record45": {
        "actor_loss": -1.8321818786859512,
        "critic_loss": 1451.3425952148436,
        "reward_mean": -230.95978729248046
    },
    "record46": {
        "actor_loss": -1.1918182173371314,
        "critic_loss": 1319.4467504882812,
        "reward_mean": -226.89224533081054
    },
    "record47": {
        "actor_loss": -1.4219702339172364,
        "critic_loss": 1324.345160522461,
        "reward_mean": -225.37415756225585
    },
    "record48": {
        "actor_loss": -1.4785073953866958,
        "critic_loss": 1397.9363934326173,
        "reward_mean": -226.0583753967285
    },
    "record49": {
        "actor_loss": -1.2348957964777947,
        "critic_loss": 1303.5999963378906,
        "reward_mean": -225.0000469970703
    },
    "record50": {
        "actor_loss": -1.281185514330864,
        "critic_loss": 1275.7435784912109,
        "reward_mean": -224.01478134155275
    },
    "record51": {
        "actor_loss": -1.3223459535837174,