{
    "record1": {
        "actor_loss": -0.763789042852819,
        "critic_loss": 0.0,
        "reward_mean": 240.2122766418457
    },
    "record2": {
        "actor_loss": -0.6259612169116735,
        "critic_loss": 0.0,
        "reward_mean": 239.0218090209961
    },
    "record3": {
        "actor_loss": -0.8170925228893757,
        "critic_loss": 0.0,
        "reward_mean": 238.25479302978516
    },
    "record4": {
        "actor_loss": -0.5586568076759577,
        "critic_loss": 0.0,
        "reward_mean": 242.94415826416017
    },
    "record5": {
        "actor_loss": -0.5663419490680098,
        "critic_loss": 0.0,
        "reward_mean": 244.58544177246094
    },
    "record6": {
        "actor_loss": -0.5852511053830385,
        "critic_loss": 0.0,
        "reward_mean": 242.9259063720703
    },
    "record7": {
        "actor_loss": -0.5706368183493614,
        "critic_loss": 0.0,
        "reward_mean": 241.91612762451172
    },
    "record8": {
        "actor_loss": -0.7413405243754387,
        "critic_loss": 0.0,
        "reward_mean": 240.82168426513672
    },
    "record9": {
        "actor_loss": -0.8547910576462746,
        "critic_loss": 0.0,
        "reward_mean": 239.55850204467774
    },
    "record10": {
        "actor_loss": -0.8000192108154297,
        "critic_loss": 0.0,
        "reward_mean": 239.98145037841797
    },
    "record11": {
        "actor_loss": -0.6252351791262627,
        "critic_loss": 0.0,
        "reward_mean": 238.89846572875976
    },
    "record12": {
        "actor_loss": -0.6429898703247309,
        "critic_loss": 0.0,
        "reward_mean": 240.1237869873047
    },
    "record13": {
        "actor_loss": -0.5752626022994518,
        "critic_loss": 0.0,
        "reward_mean": 238.11606356811524
    },
    "record14": {
        "actor_loss": -0.4537501569464803,
        "critic_loss": 0.0,
        "reward_mean": 240.00552618408204
    },
    "record15": {
        "actor_loss": -0.34306258757412433,
        "critic_loss": 0.0,
        "reward_mean": 243.98255337524415
    },
    "record16": {
        "actor_loss": -0.3353001094609499,
        "critic_loss": 0.0,
        "reward_mean": 242.89352130126954
    },
    "record17": {
        "actor_loss": -0.3551849725022912,
        "critic_loss": 0.0,
        "reward_mean": 243.04351950073243
    },
    "record18": {
        "actor_loss": -0.34417637430131437,
        "critic_loss": 0.0,
        "reward_mean": 239.18015689086914
    },
    "record19": {
        "actor_loss": -0.5241737077832223,
        "critic_loss": 0.0,
        "reward_mean": 237.2244432067871
    },
    "record20": {
        "actor_loss": -0.5642859411686659,
        "critic_loss": 0.0,
        "reward_mean": 237.87873852539062
    },
    "record21": {
        "actor_loss": -0.30232243153452876,
        "critic_loss": 0.0,
        "reward_mean": 236.50450540161134
    },
    "record22": {
        "actor_loss": -0.39456143252551557,
        "critic_loss": 0.0,
        "reward_mean": 238.38025186157228
    },
    "record23": {
        "actor_loss": -0.6540879029333592,
        "critic_loss": 0.0,
        "reward_mean": 235.13487463378905
    },
    "record24": {
        "actor_loss": -0.7540090446472167,
        "critic_loss": 0.0,
        "reward_mean": 237.70632138061524
    },
    "record25": {
        "actor_loss": -0.669593637317419,
        "critic_loss": 0.0,
        "reward_mean": 243.9089067993164
    },
    "record26": {
        "actor_loss": -0.6648631831407547,
        "critic_loss": 0.0,
        "reward_mean": 240.8215916748047
    },
    "record27": {
        "actor_loss": -0.6177377275973558,
        "critic_loss": 0.0,
        "reward_mean": 240.63338806152345
    },
    "record28": {
        "actor_loss": -0.5549358376413583,
        "critic_loss": 0.0,
        "reward_mean": 239.11162670898437
    },
    "record29": {
        "actor_loss": -0.6869057296216488,
        "critic_loss": 0.0,
        "reward_mean": 237.2527798461914
    },
    "record30": {
        "actor_loss": -0.6722899087965488,
        "critic_loss": 0.0,
        "reward_mean": 235.16617849731446
    },
    "record31": {
        "actor_loss": -0.6639567552953959,
        "critic_loss": 0.0,
        "reward_mean": 237.13134426879884
    },
    "record32": {
        "actor_loss": -0.6725547180771828,
        "critic_loss": 0.0,
        "reward_mean": 232.9328090209961
    },
    "record33": {
        "actor_loss": -0.7808089943528176,
        "critic_loss": 0.0,
        "reward_mean": 233.81355261230468
    },
    "record34": {
        "actor_loss": -0.7017630503028631,
        "critic_loss": 0.0,
        "reward_mean": 233.3356538696289
    },
    "record35": {
        "actor_loss": -0.5588128949254751,
        "critic_loss": 0.0,
        "reward_mean": 233.415104095459
    },
    "record36": {
        "actor_loss": -0.3988051593154669,
        "critic_loss": 0.0,
        "reward_mean": 232.30919790649415
    },
    "record37": {
        "actor_loss": -0.2796455526798964,
        "critic_loss": 0.0,
        "reward_mean": 230.82296994018554
    },
    "record38": {
        "actor_loss": -0.4867817623019218,
        "critic_loss": 0.0,
        "reward_mean": 236.7550785217285
    },
    "record39": {
        "actor_loss": -0.7734585048556328,
        "critic_loss": 0.0,
        "reward_mean": 235.09615197753905
    },
    "record40": {
        "actor_loss": -0.6975383818000555,
        "critic_loss": 0.0,
        "reward_mean": 239.47463821411134
    },
    "record41": {
        "actor_loss": -0.613902692168951,
        "critic_loss": 0.0,
        "reward_mean": 234.1241369934082
    },
    "record42": {
        "actor_loss": -0.7260382340699434,
        "critic_loss": 0.0,
        "reward_mean": 235.225921875
    },
    "record43": {
        "actor_loss": -0.633692406386137,
        "critic_loss": 0.0,
        "reward_mean": 230.95153759765626
    },
    "record44": {
        "actor_loss": -0.7320162870287895,
        "critic_loss": 0.0,
        "reward_mean": 232.60946075439452
    },
    "record45": {
        "actor_loss": -0.9162089984118938,
        "critic_loss": 0.0,
        "reward_mean": 232.94477905273436
    },
    "record46": {
        "actor_loss": -0.8074335990399122,
        "critic_loss": 0.0,
        "reward_mean": 232.94327725219728
    },
    "record47": {
        "actor_loss": -0.9314501213207841,
        "critic_loss": 0.0,
        "reward_mean": 235.81367288208008
    },
    "record48": {
        "actor_loss": -0.7683827004134655,
        "critic_loss": 0.0,
        "reward_mean": 233.18092123413086
    },
    "record49": {
        "actor_loss": -0.8642054527401924,
        "critic_loss": 0.0,
        "reward_mean": 235.00036099243164
    },
    "record50": {
        "actor_loss": -0.8487907254695892,
        "critic_loss": 0.0,
        "reward_mean": 235.4035609741211
    },
    "record51": {
        "actor_loss": -0.8078322396278381,
        "critic_loss": 0.0,
        "reward_mean": 235.9379125366211
    },
    "record52": {
        "actor_loss": -0.975250882267952,
        "critic_loss": 0.0,
        "reward_mean": 234.09131030273437
    },
    "record53": {
        "actor_loss": -1.0019256031811237,
        "critic_loss": 0.0,
        "reward_mean": 231.85165490722656
    },
    "record54": {
        "actor_loss": -0.8256125531345606,
        "critic_loss": 0.0,
        "reward_mean": 233.80937817382812
    },
    "record55": {
        "actor_loss": -0.7912150731161237,
        "critic_loss": 0.0,
        "reward_mean": 233.58253051757814
    },
    "record56": {
        "actor_loss": -0.8441268521994353,
        "critic_loss": 0.0,
        "reward_mean": 232.3313310241699
    },