{
    "record1": {
        "actor_loss": -0.13045279383659364,
        "critic_loss": 0.0,
        "reward_mean": 236.67975463867188
    },
    "record2": {
        "actor_loss": -0.11491637229919434,
        "critic_loss": 0.0,
        "reward_mean": 225.12491760253906
    },
    "record3": {
        "actor_loss": -0.10016751289367676,
        "critic_loss": 0.0,
        "reward_mean": 213.91575927734374
    },
    "record4": {
        "actor_loss": -0.1274666368961334,
        "critic_loss": 0.0,
        "reward_mean": 224.3445068359375
    },
    "record5": {
        "actor_loss": -0.40624821186065674,
        "critic_loss": 0.0,
        "reward_mean": 233.48963623046876
    },
    "record6": {
        "actor_loss": -0.4749837815761566,
        "critic_loss": 0.0,
        "reward_mean": 224.41619873046875
    },
    "record7": {
        "actor_loss": -0.5155840516090393,
        "critic_loss": 0.0,
        "reward_mean": 229.74541931152345
    },
    "record8": {
        "actor_loss": -0.3683807134628296,
        "critic_loss": 0.0,
        "reward_mean": 221.2131378173828
    },
    "record9": {
        "actor_loss": -0.5625459313392639,
        "critic_loss": 0.0,
        "reward_mean": 223.32864685058593
    },
    "record10": {
        "actor_loss": -0.5282627582550049,
        "critic_loss": 0.0,
        "reward_mean": 236.80145568847655
    },
    "record11": {
        "actor_loss": -0.5322429478168488,
        "critic_loss": 0.0,
        "reward_mean": 235.71704711914063
    },
    "record12": {
        "actor_loss": -0.6033041894435882,
        "critic_loss": 0.0,
        "reward_mean": 229.51539916992186
    },
    "record13": {
        "actor_loss": -0.45184710025787356,
        "critic_loss": 0.0,
        "reward_mean": 222.86835021972655
    },
    "record14": {
        "actor_loss": -0.2344488114118576,
        "critic_loss": 0.0,
        "reward_mean": 221.30124206542968
    },
    "record15": {
        "actor_loss": -0.13980643153190614,
        "critic_loss": 0.0,
        "reward_mean": 217.82919006347657
    },
    "record16": {
        "actor_loss": -0.15040518939495087,
        "critic_loss": 0.0,
        "reward_mean": 217.3943115234375
    },
    "record17": {
        "actor_loss": -0.038998617231845854,
        "critic_loss": 0.0,
        "reward_mean": 220.10126647949218
    },
    "record18": {
        "actor_loss": -0.33662105202674864,
        "critic_loss": 0.0,
        "reward_mean": 221.7708251953125
    },
    "record19": {
        "actor_loss": -0.43397139608860014,
        "critic_loss": 0.0,
        "reward_mean": 225.24730834960937
    },
    "record20": {
        "actor_loss": -0.5269470632076263,
        "critic_loss": 0.0,
        "reward_mean": 230.75618896484374
    },
    "record21": {
        "actor_loss": -0.7820889055728912,
        "critic_loss": 0.0,
        "reward_mean": 233.70679931640626
    },
    "record22": {
        "actor_loss": -0.5905524671077729,
        "critic_loss": 0.0,
        "reward_mean": 238.26383056640626
    },
    "record23": {
        "actor_loss": -0.5752069354057312,
        "critic_loss": 0.0,
        "reward_mean": 236.2906280517578
    },
    "record24": {
        "actor_loss": -0.3711719363927841,
        "critic_loss": 0.0,
        "reward_mean": 239.48681640625
    },
    "record25": {
        "actor_loss": -0.13716119527816772,
        "critic_loss": 0.0,
        "reward_mean": 233.87461547851564
    },
    "record26": {
        "actor_loss": -0.3285047680139542,
        "critic_loss": 0.0,
        "reward_mean": 232.09251708984374
    },
    "record27": {
        "actor_loss": -0.26815380454063414,
        "critic_loss": 0.0,
        "reward_mean": 231.84661560058595
    },
    "record28": {
        "actor_loss": -0.29458586871623993,
        "critic_loss": 0.0,
        "reward_mean": 225.06853332519532
    },
    "record29": {
        "actor_loss": -0.4805768013000488,
        "critic_loss": 0.0,
        "reward_mean": 227.55927734375
    },
    "record30": {
        "actor_loss": -0.4657993257045746,
        "critic_loss": 0.0,
        "reward_mean": 230.84878540039062
    },
    "record31": {
        "actor_loss": -0.5496221125125885,
        "critic_loss": 0.0,
        "reward_mean": 228.7347198486328
    },
    "record32": {
        "actor_loss": -0.31669620871543885,
        "critic_loss": 0.0,
        "reward_mean": 230.5517120361328
    },
    "record33": {
        "actor_loss": -0.525159963965416,
        "critic_loss": 0.0,
        "reward_mean": 234.54909057617186
    },
    "record34": {
        "actor_loss": -0.7464065074920654,
        "critic_loss": 0.0,
        "reward_mean": 239.13995361328125
    },
    "record35": {
        "actor_loss": -0.41647161841392516,
        "critic_loss": 0.0,
        "reward_mean": 235.63345947265626
    },
    "record36": {
        "actor_loss": -0.603283679485321,
        "critic_loss": 0.0,
        "reward_mean": 238.2462890625
    },
    "record37": {
        "actor_loss": -0.5186798751354218,
        "critic_loss": 0.0,
        "reward_mean": 237.97335815429688
    },
    "record38": {
        "actor_loss": -0.5996461093425751,
        "critic_loss": 0.0,
        "reward_mean": 239.76630859375
    },
    "record39": {
        "actor_loss": -0.6319994628429413,
        "critic_loss": 0.0,
        "reward_mean": 239.59490966796875
    },
    "record40": {
        "actor_loss": -0.5972204446792603,
        "critic_loss": 0.0,
        "reward_mean": 240.18153076171876
    },
    "record41": {
        "actor_loss": -0.5592350900173187,
        "critic_loss": 0.0,
        "reward_mean": 241.11054382324218
    },
    "record42": {
        "actor_loss": -0.5409503757953644,
        "critic_loss": 0.0,
        "reward_mean": 246.5832489013672
    },
    "record43": {
        "actor_loss": -0.39804103374481203,
        "critic_loss": 0.0,
        "reward_mean": 244.90995178222656
    },
    "record44": {
        "actor_loss": -0.5462011098861694,
        "critic_loss": 0.0,
        "reward_mean": 244.70057678222656
    },
    "record45": {
        "actor_loss": -0.6040734469890594,
        "critic_loss": 0.0,
        "reward_mean": 242.55825500488282
    },
    "record46": {
        "actor_loss": -0.6088496029376984,
        "critic_loss": 0.0,
        "reward_mean": 234.30023803710938
    },
    "record47": {
        "actor_loss": -0.6389389395713806,
        "critic_loss": 0.0,
        "reward_mean": 238.56468200683594
    },
    "record48": {
        "actor_loss": -0.6508771002292633,
        "critic_loss": 0.0,
        "reward_mean": 233.20125732421874
    },
    "record49": {
        "actor_loss": -0.41632330417633057,
        "critic_loss": 0.0,
        "reward_mean": 230.18533325195312
    },
    "record50": {
        "actor_loss": -0.25097272992134095,
        "critic_loss": 0.0,
        "reward_mean": 223.5501220703125
    },
    "record51": {
        "actor_loss": -0.2113953113555908,
        "critic_loss": 0.0,
        "reward_mean": 227.9958465576172
    },
    "record52": {
        "actor_loss": 0.05205196142196655,
        "critic_loss": 0.0,
        "reward_mean": 232.4929992675781
    },
    "record53": {
        "actor_loss": -0.8276226282119751,
        "critic_loss": 0.0,
        "reward_mean": 237.95599060058595
    },
    "record54": {
        "actor_loss": -0.9858075261116028,
        "critic_loss": 0.0,
        "reward_mean": 234.56031799316406
    },
    "record55": {
        "actor_loss": -0.27972897291183474,
        "critic_loss": 0.0,
        "reward_mean": 235.92417602539064
    },
    "record56": {
        "actor_loss": -0.8481476783752442,
        "critic_loss": 0.0,
        "reward_mean": 232.87248840332032
    },