{
    "record1": {
        "actor_loss": -0.3016623818926746,
        "critic_loss": 0.0,
        "reward_mean": 100.60445372402668
    },
    "record2": {
        "actor_loss": -0.2247978047156357,
        "critic_loss": 0.0,
        "reward_mean": 96.42910979211331
    },
    "record3": {
        "actor_loss": -0.1851571310593863,
        "critic_loss": 0.0,
        "reward_mean": 95.9334361833334
    },
    "record4": {
        "actor_loss": -0.1671071628271602,
        "critic_loss": 0.0,
        "reward_mean": 95.64124101102352
    },
    "record5": {
        "actor_loss": -0.15077466678456403,
        "critic_loss": 0.0,
        "reward_mean": 95.44169117510319
    },
    "record6": {
        "actor_loss": -0.14199152257642708,
        "critic_loss": 0.0,
        "reward_mean": 95.60796561181546
    },
    "record7": {
        "actor_loss": -0.1299667532913736,
        "critic_loss": 0.0,
        "reward_mean": 95.43931180417538
    },
    "record8": {
        "actor_loss": -0.12471359683491755,
        "critic_loss": 0.0,
        "reward_mean": 95.45977042376995
    },
    "record9": {
        "actor_loss": -0.1185964219478774,
        "critic_loss": 0.0,
        "reward_mean": 95.47703430831433
    },
    "record10": {
        "actor_loss": -0.11395173667508061,
        "critic_loss": 0.0,
        "reward_mean": 95.31942053914071
    },
    "record11": {
        "actor_loss": -0.10854937276497367,
        "critic_loss": 0.0,
        "reward_mean": 95.210595561862
    },
    "record12": {
        "actor_loss": -0.10935091665072832,
        "critic_loss": 0.0,
        "reward_mean": 95.46657520771026
    },
    "record13": {
        "actor_loss": -0.10474220507516292,
        "critic_loss": 0.0,
        "reward_mean": 95.58799809277058
    },
    "record14": {
        "actor_loss": -0.10582077165134252,
        "critic_loss": 0.0,
        "reward_mean": 95.52113537192345
    },
    "record15": {
        "actor_loss": -0.10142113337002229,
        "critic_loss": 0.0,
        "reward_mean": 95.48588966846467
    },
    "record16": {
        "actor_loss": -0.09910142506974808,
        "critic_loss": 0.0,
        "reward_mean": 95.39708423733711
    },
    "record17": {
        "actor_loss": -0.09470752298919251,
        "critic_loss": 0.0,
        "reward_mean": 95.47973819434642
    },
    "record18": {
        "actor_loss": -0.09529475493334758,
        "critic_loss": 0.0,
        "reward_mean": 95.31435448050499
    },
    "record19": {
        "actor_loss": -0.0939519859412394,
        "critic_loss": 0.0,
        "reward_mean": 95.25665193617344
    },
    "record20": {
        "actor_loss": -0.09308580547978636,
        "critic_loss": 0.0,
        "reward_mean": 95.34222568333149
    },
    "record21": {
        "actor_loss": -0.0912331994844135,
        "critic_loss": 0.0,
        "reward_mean": 95.34885054469109
    },
    "record22": {
        "actor_loss": -0.08528010763882776,
        "critic_loss": 0.0,
        "reward_mean": 95.21967718243599
    },
    "record23": {
        "actor_loss": -0.08457794476162235,
        "critic_loss": 0.0,
        "reward_mean": 95.44283431589604
    },
    "record24": {
        "actor_loss": -0.08482145009198576,
        "critic_loss": 0.0,
        "reward_mean": 95.39490535199643
    },
    "record25": {
        "actor_loss": -0.08372052515100221,
        "critic_loss": 0.0,
        "reward_mean": 95.27494058609008
    },
    "record26": {
        "actor_loss": -0.08306814611176377,
        "critic_loss": 0.0,
        "reward_mean": 95.49907958686352
    },
    "record27": {
        "actor_loss": -0.07945017623278545,
        "critic_loss": 0.0,
        "reward_mean": 95.66722192645074
    },
    "record28": {
        "actor_loss": -0.07933503079679212,
        "critic_loss": 0.0,
        "reward_mean": 95.75576842606068
    },
    "record29": {
        "actor_loss": -0.07694924806011841,
        "critic_loss": 0.0,
        "reward_mean": 95.48896393060684
    },
    "record30": {
        "actor_loss": -0.07500104440492578,
        "critic_loss": 0.0,
        "reward_mean": 95.25987593472004
    },
    "record31": {
        "actor_loss": -0.07513907089327404,
        "critic_loss": 0.0,
        "reward_mean": 95.10881335616112
    },
    "record32": {
        "actor_loss": -0.07300414895209542,
        "critic_loss": 0.0,
        "reward_mean": 95.42466567218304
    },
    "record33": {
        "actor_loss": -0.07409243339505338,
        "critic_loss": 0.0,
        "reward_mean": 95.59823063910008
    },
    "record34": {
        "actor_loss": -0.07249738044672994,
        "critic_loss": 0.0,
        "reward_mean": 95.3942383915186
    },
    "record35": {
        "actor_loss": -0.06759297327836976,
        "critic_loss": 0.0,
        "reward_mean": 95.57334008336068
    },
    "record36": {
        "actor_loss": -0.06728801783145172,
        "critic_loss": 0.0,
        "reward_mean": 95.29632048368454
    },
    "record37": {
        "actor_loss": -0.06625405251790653,
        "critic_loss": 0.0,
        "reward_mean": 95.74450427293777
    },
    "record38": {
        "actor_loss": -0.06748545885144268,
        "critic_loss": 0.0,
        "reward_mean": 95.42774027824402
    },
    "record39": {
        "actor_loss": -0.06642575256410055,
        "critic_loss": 0.0,
        "reward_mean": 95.79411897957326
    },
    "record40": {
        "actor_loss": -0.06588261168828467,
        "critic_loss": 0.0,
        "reward_mean": 95.31711666882038
    },
    "record41": {
        "actor_loss": -0.06567535747686634,
        "critic_loss": 0.0,
        "reward_mean": 95.35894147753716
    },
    "record42": {
        "actor_loss": -0.06464244700327981,
        "critic_loss": 0.0,
        "reward_mean": 95.46234028279781
    },
    "record43": {
        "actor_loss": -0.06533005879653501,
        "critic_loss": 0.0,
        "reward_mean": 95.58276822984219
    },
    "record44": {
        "actor_loss": -0.06363097151763214,
        "critic_loss": 0.0,
        "reward_mean": 95.32083752334118
    },
    "record45": {
        "actor_loss": -0.06256895348284161,
        "critic_loss": 0.0,
        "reward_mean": 95.2984794664383
    },
    "record46": {
        "actor_loss": -0.06244527675495192,
        "critic_loss": 0.0,
        "reward_mean": 95.21598009586334
    },
    "record47": {
        "actor_loss": -0.059318990525207484,
        "critic_loss": 0.0,
        "reward_mean": 95.15225747644901
    },
    "record48": {
        "actor_loss": -0.062171466176369,
        "critic_loss": 0.0,
        "reward_mean": 95.4114251434803
    },
    "record49": {
        "actor_loss": -0.060503886616570524,
        "critic_loss": 0.0,
        "reward_mean": 95.47291911125183
    },
    "record50": {
        "actor_loss": -0.05900836496773991,
        "critic_loss": 0.0,
        "reward_mean": 95.51652235507964
    },
    "record51": {
        "actor_loss": -0.059459596334563686,
        "critic_loss": 0.0,
        "reward_mean": 95.65980531990527
    },
    "record52": {
        "actor_loss": -0.05823689168908459,
        "critic_loss": 0.0,
        "reward_mean": 95.55027814388275
    },
    "record53": {
        "actor_loss": -0.05779401237159618,
        "critic_loss": 0.0,
        "reward_mean": 95.35995954453945
    },
    "record54": {
        "actor_loss": -0.056782204656701654,
        "critic_loss": 0.0,
        "reward_mean": 95.44294117033482
    },
    "record55": {
        "actor_loss": -0.057205953104785295,
        "critic_loss": 0.0,
        "reward_mean": 95.74360865473747
    },
    "record56": {
        "actor_loss": -0.057362550132529576,
        "critic_loss": 0.0,
        "reward_mean": 95.65815625667572
    },