{
    "record1": {
        "actor_loss": -0.019633457704767352,
        "critic_loss": 0.0,
        "reward_mean": 152.26904265165328
    },
    "record2": {
        "actor_loss": -0.020967451464675834,
        "critic_loss": 0.0,
        "reward_mean": 152.18501957654954
    },
    "record3": {
        "actor_loss": -0.024628843367681837,
        "critic_loss": 0.0,
        "reward_mean": 151.71389133453368
    },
    "record4": {
        "actor_loss": -0.021248443332733586,
        "critic_loss": 0.0,
        "reward_mean": 153.05946930885315
    },
    "record5": {
        "actor_loss": -0.0187595200377109,
        "critic_loss": 0.0,
        "reward_mean": 152.268208463192
    },
    "record6": {
        "actor_loss": -0.019170123399526347,
        "critic_loss": 0.0,
        "reward_mean": 151.7414078617096
    },
    "record7": {
        "actor_loss": -0.019007960126182298,
        "critic_loss": 0.0,
        "reward_mean": 152.26606815814972
    },
    "record8": {
        "actor_loss": -0.01884145212972726,
        "critic_loss": 0.0,
        "reward_mean": 152.50940218925476
    },
    "record9": {
        "actor_loss": -0.020962075911374996,
        "critic_loss": 0.0,
        "reward_mean": 151.59935516119003
    },
    "record10": {
        "actor_loss": -0.021382245314889588,
        "critic_loss": 0.0,
        "reward_mean": 152.40416479587554
    },
    "record11": {
        "actor_loss": -0.020249448028480402,
        "critic_loss": 0.0,
        "reward_mean": 152.2607664299011
    },
    "record12": {
        "actor_loss": -0.017765111413173145,
        "critic_loss": 0.0,
        "reward_mean": 151.85160624265671
    },
    "record13": {
        "actor_loss": -0.020271622703585308,
        "critic_loss": 0.0,
        "reward_mean": 151.81672446966172
    },
    "record14": {
        "actor_loss": -0.02030278611491667,
        "critic_loss": 0.0,
        "reward_mean": 152.35493852853776
    },
    "record15": {
        "actor_loss": -0.021122751831499045,
        "critic_loss": 0.0,
        "reward_mean": 151.42052365541457
    },
    "record16": {
        "actor_loss": -0.021217531851871172,
        "critic_loss": 0.0,
        "reward_mean": 152.11571869134903
    },
    "record17": {
        "actor_loss": -0.020239342878267053,
        "critic_loss": 0.0,
        "reward_mean": 152.29076666355132
    },
    "record18": {
        "actor_loss": -0.021624691605829867,
        "critic_loss": 0.0,
        "reward_mean": 152.17029233217238
    },
    "record19": {
        "actor_loss": -0.01973255034245085,
        "critic_loss": 0.0,
        "reward_mean": 151.90978224515914
    },
    "record20": {
        "actor_loss": -0.021285225942410762,
        "critic_loss": 0.0,
        "reward_mean": 151.48108926534653
    },
    "record21": {
        "actor_loss": -0.01907263144792523,
        "critic_loss": 0.0,
        "reward_mean": 151.96972641944885
    },
    "record22": {
        "actor_loss": -0.021750543466187083,
        "critic_loss": 0.0,
        "reward_mean": 151.67490873336791
    },
    "record23": {
        "actor_loss": -0.022212208644050407,
        "critic_loss": 0.0,
        "reward_mean": 151.5271001291275
    },
    "record24": {
        "actor_loss": -0.016756011670513545,
        "critic_loss": 0.0,
        "reward_mean": 152.35902188777925
    },
    "record25": {
        "actor_loss": -0.018133569182318753,
        "critic_loss": 0.0,
        "reward_mean": 152.28045751094817
    },
    "record26": {
        "actor_loss": -0.019926684794627364,
        "critic_loss": 0.0,
        "reward_mean": 151.7885456442833
    },
    "record27": {
        "actor_loss": -0.02067104039568221,
        "critic_loss": 0.0,
        "reward_mean": 150.90561574697495
    },
    "record28": {
        "actor_loss": -0.020014807227998973,
        "critic_loss": 0.0,
        "reward_mean": 151.67055733919145
    },
    "record29": {
        "actor_loss": -0.01989267974229733,
        "critic_loss": 0.0,
        "reward_mean": 151.9462366771698
    },
    "record30": {
        "actor_loss": -0.01963881865121948,
        "critic_loss": 0.0,
        "reward_mean": 151.71531749248504
    },
    "record31": {
        "actor_loss": -0.020610085949811036,
        "critic_loss": 0.0,
        "reward_mean": 151.99143962860109
    },
    "record32": {
        "actor_loss": -0.021425284986908082,
        "critic_loss": 0.0,
        "reward_mean": 152.03314392328264
    },
    "record33": {
        "actor_loss": -0.02072455393965356,
        "critic_loss": 0.0,
        "reward_mean": 151.77349243879317
    },
    "record34": {
        "actor_loss": -0.01993574150677887,
        "critic_loss": 0.0,
        "reward_mean": 151.8551935529709
    },
    "record35": {
        "actor_loss": -0.020174439038019045,
        "critic_loss": 0.0,
        "reward_mean": 152.60866941690446
    },
    "record36": {
        "actor_loss": -0.02152997779805446,
        "critic_loss": 0.0,
        "reward_mean": 152.1695077109337
    },
    "record37": {
        "actor_loss": -0.020964362876475205,
        "critic_loss": 0.0,
        "reward_mean": 151.96638852119446
    },
    "record38": {
        "actor_loss": -0.019810861341538838,
        "critic_loss": 0.0,
        "reward_mean": 151.90888705253602
    },
    "record39": {
        "actor_loss": -0.020649331649474335,
        "critic_loss": 0.0,
        "reward_mean": 152.40713648319243
    },
    "record40": {
        "actor_loss": -0.020606168271260685,
        "critic_loss": 0.0,
        "reward_mean": 151.84980568408966
    },
    "record41": {
        "actor_loss": -0.02072938782046549,
        "critic_loss": 0.0,
        "reward_mean": 152.57273021697998
    },
    "record42": {
        "actor_loss": -0.018705566221033223,
        "critic_loss": 0.0,
        "reward_mean": 151.61293826818465
    },
    "record43": {
        "actor_loss": -0.018631362529849867,
        "critic_loss": 0.0,
        "reward_mean": 151.66132685661316
    },
    "record44": {
        "actor_loss": -0.019251344215736026,
        "critic_loss": 0.0,
        "reward_mean": 151.88540868997575
    },
    "record45": {
        "actor_loss": -0.01810256738855969,
        "critic_loss": 0.0,
        "reward_mean": 151.52096623897552
    },
    "record46": {
        "actor_loss": -0.019594371943094303,
        "critic_loss": 0.0,
        "reward_mean": 151.9280014538765
    },
    "record47": {
        "actor_loss": -0.01821875308029121,
        "critic_loss": 0.0,
        "reward_mean": 151.69503145456315
    },
    "record48": {
        "actor_loss": -0.01817879794678447,
        "critic_loss": 0.0,
        "reward_mean": 151.32165856361388
    },
    "record49": {
        "actor_loss": -0.017909018416539767,
        "critic_loss": 0.0,
        "reward_mean": 152.02867930173875
    },
    "record50": {
        "actor_loss": -0.016302610939892475,
        "critic_loss": 0.0,
        "reward_mean": 151.6972786664963
    },
    "record51": {
        "actor_loss": -0.018047276637516915,
        "critic_loss": 0.0,
        "reward_mean": 151.91272103786469
    },
    "record52": {
        "actor_loss": -0.020110245397827384,
        "critic_loss": 0.0,
        "reward_mean": 151.4629980134964
    },
    "record53": {
        "actor_loss": -0.018504575491970172,
        "critic_loss": 0.0,
        "reward_mean": 151.5135009074211
    },
    "record54": {
        "actor_loss": -0.02090697193169035,
        "critic_loss": 0.0,
        "reward_mean": 151.58178263902664
    },
    "record55": {
        "actor_loss": -0.018467869731975953,
        "critic_loss": 0.0,
        "reward_mean": 152.08834486484528
    },