{"batch0": {"node0": {"x": 1622.4110330325825, "y": 72.67676373392406, "z": 3879.5024637115384}, "node1": {"x": 3038.162569948905, "y": 1210.222002519957, "z": 2550.669703116872}, "node2": {"x": 73.2545256635282, "y": 1750.445625314507, "z": 3859.843213134596}, "node3": {"x": 1311.68292061719, "y": 3156.020485509055, "z": 3620.118291104182}, "node4": {"x": 2846.700665321239, "y": 590.9851851815775, "z": 713.9082946060822}, "node5": {"x": 2719.0336654003086, "y": 1586.6257518674054, "z": 2005.268051769519}, "node6": {"x": 147.53729236459458, "y": 871.8297255651182, "z": 2501.93520386468}, "node7": {"x": 2160.2783750837325, "y": 2035.0648604444345, "z": 1740.1628763774415}, "node8": {"x": 3934.090590239093, "y": 1981.8310157536887, "z": 2034.6052539650605}, "node9": {"x": 2493.0760301293067, "y": 959.5092736130657, "z": 1154.530497955467}, "node10": {"x": 1791.1554535613773, "y": 3794.208469169453, "z": 980.5974076173695}}, "batch1": {"node0": {"x": 1879.937586350133, "y": 1931.1822851040627, "z": 489.57267793661697}, "node1": {"x": 976.8028510637565, "y": 2717.3829860578403, "z": 2601.0914726566375}, "node2": {"x": 2351.591642872891, "y": 3721.7151322114714, "z": 1035.1407819323292}, "node3": {"x": 1594.4725824687912, "y": 394.53035216371734, "z": 919.2240501688325}, "node4": {"x": 3566.8942961051175, "y": 2118.950753640067, "z": 2737.530583382235}, "node5": {"x": 1950.6812661884173, "y": 3975.0966155200017, "z": 2886.1610176802396}, "node6": {"x": 221.4306662153196, "y": 362.1871893106925, "z": 3743.900727413474}, "node7": {"x": 2497.7152960886197, "y": 1022.1412789838485, "z": 3428.8184901403024}, "node8": {"x": 2377.9066877087766, "y": 3936.71065276237, "z": 2234.1372912658535}, "node9": {"x": 1516.250441293272, "y": 2362.099366800919, "z": 3081.312189547866}, "node10": {"x": 559.7485732241996, "y": 3783.5006095350204, "z": 3081.6594114245627}}, "batch2": {"node0": {"x": 3559.0553729256153, "y": 1214.7475013894286, "z": 2815.6598897977588}, "node1": {"x": 1115.7572754526245, "y": 3442.3341394015665, "z": 999.9759475913295}, "node2": {"x": 1162.6096518128288, "y": 2584.015761275148, "z": 1471.3101483180715}, "node3": {"x": 2166.247374624252, "y": 803.1184132526121, "z": 3335.4105909633654}, "node4": {"x": 4.223866908855012, "y": 2465.5197354701177, "z": 963.4145808084478}, "node5": {"x": 245.04238546043177, "y": 275.75478635296145, "z": 1969.977514078323}, "node6": {"x": 1222.947368600908, "y": 1748.2228871947455, "z": 178.676322537485}, "node7": {"x": 3955.039096041507, "y": 89.8050786170339, "z": 834.7909765479362}, "node8": {"x": 513.1914053114053, "y": 828.8712788048626, "z": 607.7667551617192}, "node9": {"x": 3852.5047370251987, "y": 3699.1514470823154, "z": 2854.995402723289}, "node10": {"x": 3030.0391504325894, "y": 2792.6125067859152, "z": 3293.1350438800378}}, "batch3": {"node0": {"x": 3706.699364391334, "y": 2059.873159160907, "z": 3022.2089858481418}, "node1": {"x": 2377.64374800978, "y": 3407.0301867752496, "z": 1838.2873808675533}, "node2": {"x": 1052.6618486100467, "y": 3931.6841840749344, "z": 2618.106177953275}, "node3": {"x": 53.44443455966497, "y": 2213.5004875293685, "z": 1405.3084417978412}, "node4": {"x": 2095.8515206344728, "y": 3568.336981611513, "z": 953.1744534433351}, "node5": {"x": 3028.4847946195723, "y": 3870.3046448054574, "z": 607.6051653034282}, "node6": {"x": 1699.7562499637922, "y": 3785.105788148723, "z": 209.13262088290406}, "node7": {"x": 2500.1233384880165, "y": 1517.7734673324085, "z": 2217.591713404137}, "node8": {"x": 2811.378309685126, "y": 1386.952532208066, "z": 2714.2964915262046}, "node9": {"x": 2974.8961655324574, "y": 3050.1485228829292, "z": 2082.110443558264}, "node10": {"x": 92.31123936236507, "y": 498.47398517314366, "z": 3223.7891046972422}}, "batch4": {"node0": {"x": 112.21350879870596, "y": 2962.8193526177047, "z": 2909.661795131847}, "node1": {"x": 567.5690677473924, "y": 804.2467381409582, "z": 463.3594101961704}, "node2": {"x": 3704.2351171446667, "y": 1396.5318224225737, "z": 796.0805369277781}, "node3": {"x": 59.17152624199851, "y": 141.91061603093226, "z": 1418.6171794313723}, "node4": {"x": 611.6513889078594, "y": 3394.838924664125, "z": 3289.215822326949}, "node5": {"x": 3092.9025752010375, "y": 2686.0097032845074, "z": 2113.454737205256}, "node6": {"x": 3990.67177177038, "y": 745.1687895412347, "z": 478.70056225442517}, "node7": {"x": 211.9930036908677, "y": 3444.440346797937, "z": 3985.529050065246}, "node8": {"x": 2963.606867906073, "y": 1753.9466371057495, "z": 226.79565296651782}, "node9": {"x": 608.6253642710928, "y": 779.7869491772719, "z": 3562.3120274400185}, "node10": {"x": 1070.94896528504, "y": 350.3127773645471, "z": 547.632060871532}}, "batch5": {"node0": {"x": 698.8571788195848, "y": 512.0018435085427, "z": 436.6979726321163}, "node1": {"x": 3559.54207354379, "y": 3076.4220623232386, "z": 1147.6235987122604}, "node2": {"x": 2642.086170752496, "y": 975.5156729679042, "z": 79.24834819024973}, "node3": {"x": 2592.676037991652, "y": 211.9916144165237, "z": 294.3318673331583}, "node4": {"x": 1634.1153204544253, "y": 247.38020141289186, "z": 3074.5051765089565}, "node5": {"x": 3755.3092560876426, "y": 1508.8065100423278, "z": 1576.2769907638105}, "node6": {"x": 277.89956366792177, "y": 3600.3699119588246, "z": 907.5581544740783}, "node7": {"x": 2320.023980858382, "y": 3498.3780619285435, "z": 2548.213372402226}, "node8": {"x": 2090.282019920051, "y": 3515.0474193265854, "z": 723.0330786302242}, "node9": {"x": 2919.6308979436008, "y": 1714.9734745969076, "z": 939.280028990062}, "node10": {"x": 3571.247376584115, "y": 668.0784689572735, "z": 3749.023898150852}}, "batch6": {"node0": {"x": 3219.084156836647, "y": 1415.7366553510221, "z": 3779.9406511746643}, "node1": {"x": 1777.1383763419783, "y": 3118.8951977275406, "z": 245.56007247894618}, "node2": {"x": 3779.670715812438, "y": 2288.0759243660905, "z": 2081.5532479944673}, "node3": {"x": 812.2980789003003, "y": 3502.5205848703845, "z": 1841.2042234404687}, "node4": {"x": 3461.5957886603005, "y": 228.85993019927264, "z": 380.14090076339227}, "node5": {"x": 1920.8678285969113, "y": 2392.781447563029, "z": 1054.8832311672252}, "node6": {"x": 239.8389589489005, "y": 2213.90418220259, "z": 3930.3268398984287}, "node7": {"x": 2615.4339725376767, "y": 711.379875002843, "z": 3193.9962408919223}, "node8": {"x": 2634.639834510193, "y": 2649.630429656765, "z": 3003.494594205838}, "node9": {"x": 2693.75104737202, "y": 3208.1630508414564, "z": 3705.8985647159107}, "node10": {"x": 575.1373730908931, "y": 2338.1062480848545, "z": 436.08061141111597}}, "batch7": {"node0": {"x": 2827.421319027432, "y": 3089.116110519582, "z": 492.20628161075064}, "node1": {"x": 2060.3628321631454, "y": 1518.996114282865, "z": 3741.583925810917}, "node2": {"x": 168.51304453816286, "y": 789.14249285106, "z": 199.8952673250476}, "node3": {"x": 2960.544427768076, "y": 2543.261658442256, "z": 3082.1793272400137}, "node4": {"x": 124.44568587825432, "y": 122.82912590554007, "z": 1804.1500300939201}, "node5": {"x": 3063.608918280245, "y": 3560.071397973729, "z": 3207.705887504414}, "node6": {"x": 2032.1907775810807, "y": 2728.4057620260382, "z": 379.6803530360426}, "node7": {"x": 2278.9549166435377, "y": 2292.8967493021205, "z": 598.3745770008388}, "node8": {"x": 1634.2115380383514, "y": 3019.000287965155, "z": 3251.123031087256}, "node9": {"x": 2515.939530531899, "y": 2917.118169185866, "z": 363.864565156887}, "node10": {"x": 3250.091533500157, "y": 3354.514548261407, "z": 510.0898223824468}}}